item_id,pedido_id,sku,qtd,preco_unitario,custo_unitario,valor_linha,custo_linha,margem_linha
1,P-2026-04-0001,SKU-CXM-CUS,11820,5.2,4.05,61464,47871,13593
2,P-2026-04-0001,SKU-CXG-CUS,7495,8.2,6.2,61459,46469,14990
3,P-2026-04-0002,SKU-CXP-PAD,10247,2.8,2.5,28691.6,25617.5,3074.1
4,P-2026-04-0002,SKU-CXP-PAD,10247,2.8,2.5,28691.6,25617.5,3074.1
5,P-2026-04-0003,SKU-CXM-PAD,6350,4.2,3.4,26670,21590,5080
6,P-2026-04-0004,SKU-CXP-CUS,424,3.4,2.85,1441.6,1208.4,233.2
7,P-2026-04-0004,SKU-CXP-CUS,424,3.4,2.85,1441.6,1208.4,233.2
8,P-2026-04-0004,SKU-CXP-CUS,423,3.4,2.85,1438.2,1205.55,232.65
9,P-2026-04-0005,SKU-CXG-PRE,806,10.5,7.8,8463,6286.8,2176.2
10,P-2026-04-0006,SKU-CXG-PRE,5456,10.5,7.8,57288,42556.8,14731.2
11,P-2026-04-0006,SKU-CXM-PRE,8424,6.8,5.1,57283.2,42962.4,14320.8
12,P-2026-04-0006,SKU-CXM-PRE,8424,6.8,5.1,57283.2,42962.4,14320.8
13,P-2026-04-0007,SKU-CXP-CUS,30715,3.4,2.85,104431,87537.75,16893.25
14,P-2026-04-0007,SKU-CXP-CUS,30715,3.4,2.85,104431,87537.75,16893.25
15,P-2026-04-0008,SKU-CXM-PAD,1419,4.2,3.4,5959.8,4824.6,1135.2
16,P-2026-04-0008,SKU-CXP-PAD,2128,2.8,2.5,5958.4,5320,638.4
17,P-2026-04-0008,SKU-CXM-PAD,1419,4.2,3.4,5959.8,4824.6,1135.2
18,P-2026-04-0009,SKU-CXM-PAD,1772,4.2,3.4,7442.4,6024.8,1417.6
19,P-2026-04-0010,SKU-CXP-CUS,1568,3.4,2.85,5331.2,4468.8,862.4
20,P-2026-04-0011,SKU-CXG-CUS,626,8.2,6.2,5133.2,3881.2,1252
21,P-2026-04-0011,SKU-CXP-CUS,1511,3.4,2.85,5137.4,4306.35,831.05
22,P-2026-04-0011,SKU-CXP-CUS,1510,3.4,2.85,5134,4303.5,830.5
23,P-2026-04-0012,SKU-CXG-PRE,275,10.5,7.8,2887.5,2145,742.5
24,P-2026-04-0012,SKU-CXP-PRE,688,4.2,3.3,2889.6,2270.4,619.2
25,P-2026-04-0013,SKU-CXP-PAD,2696,2.8,2.5,7548.8,6740,808.8
26,P-2026-04-0013,SKU-CXM-PAD,1798,4.2,3.4,7551.6,6113.2,1438.4
27,P-2026-04-0014,SKU-CXG-PAD,1667,6.5,5.1,10835.5,8501.7,2333.8
28,P-2026-04-0015,SKU-CXP-PAD,681,2.8,2.5,1906.8,1702.5,204.3
29,P-2026-04-0016,SKU-CXP-CUS,34272,3.4,2.85,116524.8,97675.2,18849.6
30,P-2026-04-0017,SKU-CXG-PAD,583,6.5,5.1,3789.5,2973.3,816.2
31,P-2026-04-0017,SKU-CXP-PAD,1352,2.8,2.5,3785.6,3380,405.6
32,P-2026-04-0018,SKU-CXP-PAD,24102,2.8,2.5,67485.6,60255,7230.6
33,P-2026-04-0019,SKU-CXG-PAD,242,6.5,5.1,1573,1234.2,338.8
34,P-2026-04-0019,SKU-CXM-PAD,374,4.2,3.4,1570.8,1271.6,299.2
35,P-2026-04-0019,SKU-CXG-PAD,241,6.5,5.1,1566.5,1229.1,337.4
36,P-2026-04-0020,SKU-CXM-PRE,2295,6.8,5.1,15606,11704.5,3901.5
37,P-2026-04-0020,SKU-CXP-PRE,3715,4.2,3.3,15603,12259.5,3343.5
38,P-2026-04-0021,SKU-CXM-PAD,405,4.2,3.4,1701,1377,324
39,P-2026-04-0021,SKU-CXG-PAD,262,6.5,5.1,1703,1336.2,366.8
40,P-2026-04-0022,SKU-CXP-PRE,13347,4.2,3.3,56057.4,44045.1,12012.3
41,P-2026-04-0022,SKU-CXP-PRE,13347,4.2,3.3,56057.4,44045.1,12012.3
42,P-2026-04-0022,SKU-CXM-PRE,8243,6.8,5.1,56052.4,42039.3,14013.1
43,P-2026-04-0023,SKU-CXP-PAD,669,2.8,2.5,1873.2,1672.5,200.7
44,P-2026-04-0023,SKU-CXM-PAD,446,4.2,3.4,1873.2,1516.4,356.8
45,P-2026-04-0023,SKU-CXP-PAD,670,2.8,2.5,1876,1675,201
46,P-2026-04-0024,SKU-CXP-PRE,7006,4.2,3.3,29425.2,23119.8,6305.4
47,P-2026-04-0025,SKU-CXG-PAD,802,6.5,5.1,5213,4090.2,1122.8
48,P-2026-04-0025,SKU-CXM-PAD,1240,4.2,3.4,5208,4216,992
49,P-2026-04-0026,SKU-CXM-PAD,528,4.2,3.4,2217.6,1795.2,422.4
50,P-2026-04-0026,SKU-CXP-PAD,791,2.8,2.5,2214.8,1977.5,237.3
51,P-2026-04-0027,SKU-CXG-PAD,730,6.5,5.1,4745,3723,1022
52,P-2026-04-0027,SKU-CXG-PAD,730,6.5,5.1,4745,3723,1022
53,P-2026-04-0028,SKU-CXP-PRE,940,4.2,3.3,3948,3102,846
54,P-2026-04-0029,SKU-CXM-CUS,15543,5.2,4.05,80823.6,62949.15,17874.45
55,P-2026-04-0029,SKU-CXM-CUS,15543,5.2,4.05,80823.6,62949.15,17874.45
56,P-2026-04-0029,SKU-CXG-CUS,9857,8.2,6.2,80827.4,61113.4,19714
57,P-2026-04-0030,SKU-CXM-PAD,12942,4.2,3.4,54356.4,44002.8,10353.6
58,P-2026-04-0030,SKU-CXG-PAD,8363,6.5,5.1,54359.5,42651.3,11708.2
59,P-2026-04-0031,SKU-CXM-PAD,1567,4.2,3.4,6581.4,5327.8,1253.6
60,P-2026-04-0031,SKU-CXM-PAD,1567,4.2,3.4,6581.4,5327.8,1253.6
61,P-2026-04-0032,SKU-CXM-PAD,818,4.2,3.4,3435.6,2781.2,654.4
62,P-2026-04-0032,SKU-CXP-PAD,1226,2.8,2.5,3432.8,3065,367.8
63,P-2026-04-0033,SKU-CXP-PAD,1055,2.8,2.5,2954,2637.5,316.5
64,P-2026-04-0034,SKU-CXM-PAD,4889,4.2,3.4,20533.8,16622.6,3911.2
65,P-2026-04-0034,SKU-CXM-PAD,4889,4.2,3.4,20533.8,16622.6,3911.2
66,P-2026-04-0034,SKU-CXP-PAD,7334,2.8,2.5,20535.2,18335,2200.2
67,P-2026-04-0035,SKU-CXM-PAD,2087,4.2,3.4,8765.4,7095.8,1669.6
68,P-2026-04-0036,SKU-CXM-PAD,896,4.2,3.4,3763.2,3046.4,716.8
69,P-2026-04-0036,SKU-CXM-PAD,896,4.2,3.4,3763.2,3046.4,716.8
70,P-2026-04-0036,SKU-CXG-PAD,579,6.5,5.1,3763.5,2952.9,810.6
71,P-2026-04-0037,SKU-CXM-PAD,2769,4.2,3.4,11629.8,9414.6,2215.2
72,P-2026-04-0038,SKU-CXP-PAD,581,2.8,2.5,1626.8,1452.5,174.3
73,P-2026-04-0038,SKU-CXP-PAD,581,2.8,2.5,1626.8,1452.5,174.3
74,P-2026-04-0038,SKU-CXG-PAD,251,6.5,5.1,1631.5,1280.1,351.4
75,P-2026-04-0039,SKU-CXG-PAD,392,6.5,5.1,2548,1999.2,548.8
76,P-2026-04-0040,SKU-CXP-PAD,939,2.8,2.5,2629.2,2347.5,281.7
77,P-2026-04-0041,SKU-CXG-PAD,645,6.5,5.1,4192.5,3289.5,903
78,P-2026-04-0041,SKU-CXM-PAD,998,4.2,3.4,4191.6,3393.2,798.4
79,P-2026-04-0042,SKU-CXP-PAD,1123,2.8,2.5,3144.4,2807.5,336.9
80,P-2026-04-0043,SKU-CXM-PAD,7355,4.2,3.4,30891,25007,5884
81,P-2026-04-0044,SKU-CXP-PAD,2399,2.8,2.5,6717.2,5997.5,719.7
82,P-2026-04-0044,SKU-CXP-PAD,2399,2.8,2.5,6717.2,5997.5,719.7
83,P-2026-04-0045,SKU-CXP-PRE,1357,4.2,3.3,5699.4,4478.1,1221.3
84,P-2026-04-0045,SKU-CXP-PRE,1358,4.2,3.3,5703.6,4481.4,1222.2
85,P-2026-04-0045,SKU-CXP-PRE,1357,4.2,3.3,5699.4,4478.1,1221.3
86,P-2026-04-0046,SKU-CXP-PAD,2030,2.8,2.5,5684,5075,609
87,P-2026-04-0047,SKU-CXM-PAD,19339,4.2,3.4,81223.8,65752.6,15471.2
88,P-2026-04-0048,SKU-CXM-CUS,3262,5.2,4.05,16962.4,13211.1,3751.3
89,P-2026-04-0049,SKU-CXM-PAD,1070,4.2,3.4,4494,3638,856
90,P-2026-04-0050,SKU-CXG-PAD,629,6.5,5.1,4088.5,3207.9,880.6
91,P-2026-04-0051,SKU-CXP-PAD,1450,2.8,2.5,4060,3625,435
92,P-2026-04-0051,SKU-CXP-PAD,1451,2.8,2.5,4062.8,3627.5,435.3
93,P-2026-04-0051,SKU-CXM-PAD,967,4.2,3.4,4061.4,3287.8,773.6
94,P-2026-04-0052,SKU-CXP-PAD,2855,2.8,2.5,7994,7137.5,856.5
95,P-2026-04-0052,SKU-CXG-PAD,1230,6.5,5.1,7995,6273,1722
96,P-2026-04-0053,SKU-CXG-CUS,24936,8.2,6.2,204475.2,154603.2,49872
97,P-2026-04-0054,SKU-CXP-PAD,1274,2.8,2.5,3567.2,3185,382.2
98,P-2026-04-0055,SKU-CXP-CUS,2885,3.4,2.85,9809,8222.25,1586.75
99,P-2026-04-0056,SKU-CXG-PRE,390,10.5,7.8,4095,3042,1053
100,P-2026-04-0056,SKU-CXM-PRE,603,6.8,5.1,4100.4,3075.3,1025.1
101,P-2026-04-0057,SKU-CXM-PRE,517,6.8,5.1,3515.6,2636.7,878.9
102,P-2026-04-0057,SKU-CXP-PRE,837,4.2,3.3,3515.4,2762.1,753.3
103,P-2026-04-0058,SKU-CXM-PAD,2771,4.2,3.4,11638.2,9421.4,2216.8
104,P-2026-04-0058,SKU-CXM-PAD,2771,4.2,3.4,11638.2,9421.4,2216.8
105,P-2026-04-0058,SKU-CXP-PAD,4156,2.8,2.5,11636.8,10390,1246.8
106,P-2026-04-0059,SKU-CXG-PAD,893,6.5,5.1,5804.5,4554.3,1250.2
107,P-2026-04-0059,SKU-CXP-PAD,2071,2.8,2.5,5798.8,5177.5,621.3
108,P-2026-04-0060,SKU-CXM-PAD,11388,4.2,3.4,47829.6,38719.2,9110.4
109,P-2026-04-0061,SKU-CXP-PRE,3896,4.2,3.3,16363.2,12856.8,3506.4
110,P-2026-04-0062,SKU-CXP-CUS,569,3.4,2.85,1934.6,1621.65,312.95
111,P-2026-04-0062,SKU-CXP-CUS,569,3.4,2.85,1934.6,1621.65,312.95
112,P-2026-04-0062,SKU-CXP-CUS,569,3.4,2.85,1934.6,1621.65,312.95
113,P-2026-04-0063,SKU-CXP-PAD,5971,2.8,2.5,16718.8,14927.5,1791.3
114,P-2026-04-0064,SKU-CXP-PAD,850,2.8,2.5,2380,2125,255
115,P-2026-04-0064,SKU-CXG-PAD,366,6.5,5.1,2379,1866.6,512.4
116,P-2026-04-0065,SKU-CXP-PRE,1098,4.2,3.3,4611.6,3623.4,988.2
117,P-2026-04-0065,SKU-CXM-PRE,678,6.8,5.1,4610.4,3457.8,1152.6
118,P-2026-04-0065,SKU-CXM-PRE,678,6.8,5.1,4610.4,3457.8,1152.6
119,P-2026-04-0066,SKU-CXP-PAD,809,2.8,2.5,2265.2,2022.5,242.7
120,P-2026-04-0066,SKU-CXP-PAD,808,2.8,2.5,2262.4,2020,242.4
121,P-2026-04-0067,SKU-CXG-PAD,9682,6.5,5.1,62933,49378.2,13554.8
122,P-2026-04-0068,SKU-CXP-PAD,47424,2.8,2.5,132787.2,118560,14227.2
123,P-2026-04-0069,SKU-CXP-PRE,5401,4.2,3.3,22684.2,17823.3,4860.9
124,P-2026-04-0069,SKU-CXP-PRE,5402,4.2,3.3,22688.4,17826.6,4861.8
125,P-2026-04-0070,SKU-CXM-PAD,3057,4.2,3.4,12839.4,10393.8,2445.6
126,P-2026-04-0070,SKU-CXG-PAD,1975,6.5,5.1,12837.5,10072.5,2765
127,P-2026-04-0071,SKU-CXP-PAD,2728,2.8,2.5,7638.4,6820,818.4
128,P-2026-04-0072,SKU-CXP-PRE,2256,4.2,3.3,9475.2,7444.8,2030.4
129,P-2026-04-0073,SKU-CXM-PAD,2682,4.2,3.4,11264.4,9118.8,2145.6
130,P-2026-04-0074,SKU-CXP-CUS,3212,3.4,2.85,10920.8,9154.2,1766.6
131,P-2026-04-0075,SKU-CXP-PRE,1396,4.2,3.3,5863.2,4606.8,1256.4
132,P-2026-04-0076,SKU-CXM-PAD,17966,4.2,3.4,75457.2,61084.4,14372.8
133,P-2026-04-0076,SKU-CXG-PAD,11608,6.5,5.1,75452,59200.8,16251.2
134,P-2026-04-0076,SKU-CXG-PAD,11609,6.5,5.1,75458.5,59205.9,16252.6
135,P-2026-04-0077,SKU-CXP-PAD,5960,2.8,2.5,16688,14900,1788
136,P-2026-04-0077,SKU-CXM-PAD,3973,4.2,3.4,16686.6,13508.2,3178.4
137,P-2026-04-0077,SKU-CXM-PAD,3974,4.2,3.4,16690.8,13511.6,3179.2
138,P-2026-04-0078,SKU-CXG-PAD,2079,6.5,5.1,13513.5,10602.9,2910.6
139,P-2026-04-0078,SKU-CXG-PAD,2079,6.5,5.1,13513.5,10602.9,2910.6
140,P-2026-04-0078,SKU-CXP-PAD,4825,2.8,2.5,13510,12062.5,1447.5
141,P-2026-04-0079,SKU-CXP-PAD,5880,2.8,2.5,16464,14700,1764
142,P-2026-04-0080,SKU-CXM-PAD,1677,4.2,3.4,7043.4,5701.8,1341.6
143,P-2026-04-0080,SKU-CXG-PAD,1084,6.5,5.1,7046,5528.4,1517.6
144,P-2026-04-0080,SKU-CXP-PAD,2514,2.8,2.5,7039.2,6285,754.2
145,P-2026-04-0081,SKU-CXP-CUS,18029,3.4,2.85,61298.6,51382.65,9915.95
146,P-2026-04-0082,SKU-CXP-PRE,1437,4.2,3.3,6035.4,4742.1,1293.3
147,P-2026-04-0082,SKU-CXP-PRE,1437,4.2,3.3,6035.4,4742.1,1293.3
148,P-2026-04-0082,SKU-CXP-PRE,1437,4.2,3.3,6035.4,4742.1,1293.3
149,P-2026-04-0083,SKU-CXM-PAD,1221,4.2,3.4,5128.2,4151.4,976.8
150,P-2026-04-0084,SKU-CXG-PAD,2156,6.5,5.1,14014,10995.6,3018.4
151,P-2026-04-0084,SKU-CXM-PAD,3337,4.2,3.4,14015.4,11345.8,2669.6
152,P-2026-04-0085,SKU-CXM-PRE,12692,6.8,5.1,86305.6,64729.2,21576.4
153,P-2026-04-0085,SKU-CXM-PRE,12692,6.8,5.1,86305.6,64729.2,21576.4
154,P-2026-04-0086,SKU-CXP-PRE,1708,4.2,3.3,7173.6,5636.4,1537.2
155,P-2026-04-0086,SKU-CXM-PRE,1055,6.8,5.1,7174,5380.5,1793.5
156,P-2026-04-0086,SKU-CXP-PRE,1707,4.2,3.3,7169.4,5633.1,1536.3
157,P-2026-04-0087,SKU-CXP-PAD,868,2.8,2.5,2430.4,2170,260.4
158,P-2026-04-0087,SKU-CXG-PAD,374,6.5,5.1,2431,1907.4,523.6
159,P-2026-04-0087,SKU-CXG-PAD,373,6.5,5.1,2424.5,1902.3,522.2
160,P-2026-04-0088,SKU-CXP-PAD,2290,2.8,2.5,6412,5725,687
161,P-2026-04-0089,SKU-CXM-PAD,1296,4.2,3.4,5443.2,4406.4,1036.8
162,P-2026-04-0089,SKU-CXM-PAD,1297,4.2,3.4,5447.4,4409.8,1037.6
163,P-2026-04-0089,SKU-CXP-PAD,1944,2.8,2.5,5443.2,4860,583.2
164,P-2026-04-0090,SKU-CXG-PAD,485,6.5,5.1,3152.5,2473.5,679
165,P-2026-04-0090,SKU-CXP-PAD,1127,2.8,2.5,3155.6,2817.5,338.1
166,P-2026-04-0090,SKU-CXP-PAD,1126,2.8,2.5,3152.8,2815,337.8
167,P-2026-04-0091,SKU-CXM-PAD,771,4.2,3.4,3238.2,2621.4,616.8
168,P-2026-04-0091,SKU-CXM-PAD,770,4.2,3.4,3234,2618,616
169,P-2026-04-0091,SKU-CXM-PAD,771,4.2,3.4,3238.2,2621.4,616.8
170,P-2026-04-0092,SKU-CXP-PAD,2604,2.8,2.5,7291.2,6510,781.2
171,P-2026-04-0092,SKU-CXM-PAD,1736,4.2,3.4,7291.2,5902.4,1388.8
172,P-2026-04-0092,SKU-CXM-PAD,1736,4.2,3.4,7291.2,5902.4,1388.8
173,P-2026-04-0093,SKU-CXP-PRE,3766,4.2,3.3,15817.2,12427.8,3389.4
174,P-2026-04-0093,SKU-CXP-PRE,3766,4.2,3.3,15817.2,12427.8,3389.4
175,P-2026-04-0094,SKU-CXP-PAD,6593,2.8,2.5,18460.4,16482.5,1977.9
176,P-2026-04-0094,SKU-CXG-PAD,2840,6.5,5.1,18460,14484,3976
177,P-2026-04-0094,SKU-CXP-PAD,6594,2.8,2.5,18463.2,16485,1978.2
178,P-2026-04-0095,SKU-CXP-PRE,5751,4.2,3.3,24154.2,18978.3,5175.9
179,P-2026-04-0095,SKU-CXP-PRE,5752,4.2,3.3,24158.4,18981.6,5176.8
180,P-2026-04-0095,SKU-CXP-PRE,5751,4.2,3.3,24154.2,18978.3,5175.9
181,P-2026-04-0096,SKU-CXG-PAD,13257,6.5,5.1,86170.5,67610.7,18559.8
182,P-2026-04-0097,SKU-CXP-PAD,887,2.8,2.5,2483.6,2217.5,266.1
183,P-2026-04-0097,SKU-CXM-PAD,591,4.2,3.4,2482.2,2009.4,472.8
184,P-2026-04-0097,SKU-CXP-PAD,887,2.8,2.5,2483.6,2217.5,266.1
185,P-2026-04-0098,SKU-CXP-PAD,16938,2.8,2.5,47426.4,42345,5081.4
186,P-2026-04-0099,SKU-CXP-CUS,1472,3.4,2.85,5004.8,4195.2,809.6
187,P-2026-04-0099,SKU-CXP-CUS,1471,3.4,2.85,5001.4,4192.35,809.05
188,P-2026-04-0100,SKU-CXP-PAD,1703,2.8,2.5,4768.4,4257.5,510.9
189,P-2026-04-0100,SKU-CXG-PAD,734,6.5,5.1,4771,3743.4,1027.6
190,P-2026-04-0101,SKU-CXG-PAD,420,6.5,5.1,2730,2142,588
191,P-2026-04-0101,SKU-CXM-PAD,651,4.2,3.4,2734.2,2213.4,520.8
192,P-2026-04-0101,SKU-CXG-PAD,421,6.5,5.1,2736.5,2147.1,589.4
193,P-2026-04-0102,SKU-CXP-PAD,5431,2.8,2.5,15206.8,13577.5,1629.3
194,P-2026-04-0102,SKU-CXP-PAD,5431,2.8,2.5,15206.8,13577.5,1629.3
195,P-2026-04-0103,SKU-CXP-PRE,496,4.2,3.3,2083.2,1636.8,446.4
196,P-2026-04-0103,SKU-CXP-PRE,495,4.2,3.3,2079,1633.5,445.5
197,P-2026-04-0103,SKU-CXP-PRE,496,4.2,3.3,2083.2,1636.8,446.4
198,P-2026-04-0104,SKU-CXG-PAD,1208,6.5,5.1,7852,6160.8,1691.2
199,P-2026-04-0104,SKU-CXM-PAD,1870,4.2,3.4,7854,6358,1496
200,P-2026-04-0105,SKU-CXM-PAD,12068,4.2,3.4,50685.6,41031.2,9654.4
201,P-2026-04-0106,SKU-CXM-PAD,2459,4.2,3.4,10327.8,8360.6,1967.2
202,P-2026-04-0106,SKU-CXM-PAD,2459,4.2,3.4,10327.8,8360.6,1967.2
203,P-2026-04-0106,SKU-CXP-PAD,3688,2.8,2.5,10326.4,9220,1106.4
204,P-2026-04-0107,SKU-CXG-PRE,1939,10.5,7.8,20359.5,15124.2,5235.3
205,P-2026-04-0107,SKU-CXP-PRE,4846,4.2,3.3,20353.2,15991.8,4361.4
206,P-2026-04-0108,SKU-CXG-PAD,249,6.5,5.1,1618.5,1269.9,348.6
207,P-2026-04-0108,SKU-CXG-PAD,250,6.5,5.1,1625,1275,350
208,P-2026-04-0109,SKU-CXG-PAD,1191,6.5,5.1,7741.5,6074.1,1667.4
209,P-2026-04-0110,SKU-CXG-CUS,1753,8.2,6.2,14374.6,10868.6,3506
210,P-2026-04-0110,SKU-CXP-CUS,4230,3.4,2.85,14382,12055.5,2326.5
211,P-2026-04-0111,SKU-CXP-PAD,782,2.8,2.5,2189.6,1955,234.6
212,P-2026-04-0111,SKU-CXG-PAD,337,6.5,5.1,2190.5,1718.7,471.8
213,P-2026-04-0111,SKU-CXP-PAD,781,2.8,2.5,2186.8,1952.5,234.3
214,P-2026-04-0112,SKU-CXM-PAD,3437,4.2,3.4,14435.4,11685.8,2749.6
215,P-2026-04-0113,SKU-CXP-PAD,4069,2.8,2.5,11393.2,10172.5,1220.7
216,P-2026-04-0114,SKU-CXP-PAD,1798,2.8,2.5,5034.4,4495,539.4
217,P-2026-04-0114,SKU-CXP-PAD,1798,2.8,2.5,5034.4,4495,539.4
218,P-2026-04-0115,SKU-CXM-PAD,2517,4.2,3.4,10571.4,8557.8,2013.6
219,P-2026-04-0115,SKU-CXM-PAD,2517,4.2,3.4,10571.4,8557.8,2013.6
220,P-2026-04-0115,SKU-CXP-PAD,3775,2.8,2.5,10570,9437.5,1132.5
221,P-2026-04-0116,SKU-CXP-PRE,14382,4.2,3.3,60404.4,47460.6,12943.8
222,P-2026-04-0116,SKU-CXP-PRE,14381,4.2,3.3,60400.2,47457.3,12942.9
223,P-2026-04-0117,SKU-CXM-PAD,195,4.2,3.4,819,663,156
224,P-2026-04-0117,SKU-CXM-PAD,195,4.2,3.4,819,663,156
225,P-2026-04-0117,SKU-CXM-PAD,196,4.2,3.4,823.2,666.4,156.8
226,P-2026-04-0118,SKU-CXM-PAD,264,4.2,3.4,1108.8,897.6,211.2
227,P-2026-04-0118,SKU-CXG-PAD,170,6.5,5.1,1105,867,238
228,P-2026-04-0118,SKU-CXM-PAD,265,4.2,3.4,1113,901,212
229,P-2026-04-0119,SKU-CXP-PAD,6481,2.8,2.5,18146.8,16202.5,1944.3
230,P-2026-04-0120,SKU-CXG-PAD,1847,6.5,5.1,12005.5,9419.7,2585.8
231,P-2026-04-0120,SKU-CXG-PAD,1848,6.5,5.1,12012,9424.8,2587.2
232,P-2026-04-0121,SKU-CXM-PAD,882,4.2,3.4,3704.4,2998.8,705.6
233,P-2026-04-0121,SKU-CXP-PAD,1323,2.8,2.5,3704.4,3307.5,396.9
234,P-2026-04-0122,SKU-CXG-PAD,619,6.5,5.1,4023.5,3156.9,866.6
235,P-2026-04-0122,SKU-CXP-PAD,1438,2.8,2.5,4026.4,3595,431.4
236,P-2026-04-0123,SKU-CXP-PAD,1872,2.8,2.5,5241.6,4680,561.6
237,P-2026-04-0123,SKU-CXM-PAD,1248,4.2,3.4,5241.6,4243.2,998.4
238,P-2026-04-0124,SKU-CXM-PAD,5204,4.2,3.4,21856.8,17693.6,4163.2
239,P-2026-04-0124,SKU-CXM-PAD,5203,4.2,3.4,21852.6,17690.2,4162.4
240,P-2026-04-0124,SKU-CXP-PAD,7806,2.8,2.5,21856.8,19515,2341.8
241,P-2026-04-0125,SKU-CXP-CUS,4140,3.4,2.85,14076,11799,2277
242,P-2026-04-0126,SKU-CXG-CUS,14055,8.2,6.2,115251,87141,28110
243,P-2026-04-0126,SKU-CXM-CUS,22164,5.2,4.05,115252.8,89764.2,25488.6
244,P-2026-04-0127,SKU-CXP-PAD,5282,2.8,2.5,14789.6,13205,1584.6
245,P-2026-04-0128,SKU-CXP-PRE,945,4.2,3.3,3969,3118.5,850.5
246,P-2026-04-0129,SKU-CXM-PAD,786,4.2,3.4,3301.2,2672.4,628.8
247,P-2026-04-0129,SKU-CXG-PAD,508,6.5,5.1,3302,2590.8,711.2
248,P-2026-04-0129,SKU-CXM-PAD,786,4.2,3.4,3301.2,2672.4,628.8
249,P-2026-04-0130,SKU-CXG-PAD,381,6.5,5.1,2476.5,1943.1,533.4
250,P-2026-04-0130,SKU-CXP-PAD,885,2.8,2.5,2478,2212.5,265.5
251,P-2026-04-0130,SKU-CXM-PAD,590,4.2,3.4,2478,2006,472
252,P-2026-04-0131,SKU-CXM-PAD,1126,4.2,3.4,4729.2,3828.4,900.8
253,P-2026-04-0131,SKU-CXG-PAD,727,6.5,5.1,4725.5,3707.7,1017.8
254,P-2026-04-0131,SKU-CXM-PAD,1126,4.2,3.4,4729.2,3828.4,900.8
255,P-2026-04-0132,SKU-CXM-PAD,2681,4.2,3.4,11260.2,9115.4,2144.8
256,P-2026-04-0132,SKU-CXP-PAD,4022,2.8,2.5,11261.6,10055,1206.6
257,P-2026-04-0133,SKU-CXP-CUS,1459,3.4,2.85,4960.6,4158.15,802.45
258,P-2026-04-0134,SKU-CXP-PRE,2737,4.2,3.3,11495.4,9032.1,2463.3
259,P-2026-04-0135,SKU-CXG-CUS,38903,8.2,6.2,319004.6,241198.6,77806
260,P-2026-04-0136,SKU-CXP-PAD,2087,2.8,2.5,5843.6,5217.5,626.1
261,P-2026-04-0137,SKU-CXG-PAD,1052,6.5,5.1,6838,5365.2,1472.8
262,P-2026-04-0137,SKU-CXM-PAD,1627,4.2,3.4,6833.4,5531.8,1301.6
263,P-2026-04-0138,SKU-CXG-PAD,19526,6.5,5.1,126919,99582.6,27336.4
264,P-2026-04-0139,SKU-CXM-PRE,792,6.8,5.1,5385.6,4039.2,1346.4
265,P-2026-04-0139,SKU-CXP-PRE,1281,4.2,3.3,5380.2,4227.3,1152.9
266,P-2026-04-0139,SKU-CXP-PRE,1282,4.2,3.3,5384.4,4230.6,1153.8
267,P-2026-04-0140,SKU-CXP-PRE,1958,4.2,3.3,8223.6,6461.4,1762.2
268,P-2026-04-0141,SKU-CXP-PRE,6352,4.2,3.3,26678.4,20961.6,5716.8
269,P-2026-04-0142,SKU-CXM-PAD,401,4.2,3.4,1684.2,1363.4,320.8
270,P-2026-04-0142,SKU-CXM-PAD,401,4.2,3.4,1684.2,1363.4,320.8
271,P-2026-04-0142,SKU-CXG-PAD,259,6.5,5.1,1683.5,1320.9,362.6
272,P-2026-04-0143,SKU-CXP-PAD,349,2.8,2.5,977.2,872.5,104.7
273,P-2026-04-0143,SKU-CXM-PAD,232,4.2,3.4,974.4,788.8,185.6
274,P-2026-04-0143,SKU-CXG-PAD,150,6.5,5.1,975,765,210
275,P-2026-04-0144,SKU-CXG-PAD,7499,6.5,5.1,48743.5,38244.9,10498.6
276,P-2026-04-0144,SKU-CXM-PAD,11607,4.2,3.4,48749.4,39463.8,9285.6
277,P-2026-04-0145,SKU-CXP-CUS,2072,3.4,2.85,7044.8,5905.2,1139.6
278,P-2026-04-0145,SKU-CXP-CUS,2072,3.4,2.85,7044.8,5905.2,1139.6
279,P-2026-04-0145,SKU-CXM-CUS,1354,5.2,4.05,7040.8,5483.7,1557.1
280,P-2026-04-0146,SKU-CXM-PAD,352,4.2,3.4,1478.4,1196.8,281.6
281,P-2026-04-0146,SKU-CXP-PAD,527,2.8,2.5,1475.6,1317.5,158.1
282,P-2026-04-0146,SKU-CXM-PAD,351,4.2,3.4,1474.2,1193.4,280.8
283,P-2026-04-0147,SKU-CXM-PAD,2095,4.2,3.4,8799,7123,1676
284,P-2026-04-0147,SKU-CXP-PAD,3142,2.8,2.5,8797.6,7855,942.6
285,P-2026-04-0147,SKU-CXG-PAD,1354,6.5,5.1,8801,6905.4,1895.6
286,P-2026-04-0148,SKU-CXM-PAD,6786,4.2,3.4,28501.2,23072.4,5428.8
287,P-2026-04-0149,SKU-CXP-PAD,510,2.8,2.5,1428,1275,153
288,P-2026-04-0149,SKU-CXP-PAD,509,2.8,2.5,1425.2,1272.5,152.7
289,P-2026-04-0150,SKU-CXP-PAD,2005,2.8,2.5,5614,5012.5,601.5
290,P-2026-04-0150,SKU-CXM-PAD,1337,4.2,3.4,5615.4,4545.8,1069.6
291,P-2026-04-0150,SKU-CXP-PAD,2005,2.8,2.5,5614,5012.5,601.5
292,P-2026-04-0151,SKU-CXM-PRE,1400,6.8,5.1,9520,7140,2380
293,P-2026-04-0152,SKU-CXP-PAD,328,2.8,2.5,918.4,820,98.4
294,P-2026-04-0152,SKU-CXG-PAD,142,6.5,5.1,923,724.2,198.8
295,P-2026-04-0153,SKU-CXM-CUS,3213,5.2,4.05,16707.6,13012.65,3694.95
296,P-2026-04-0154,SKU-CXM-PAD,3733,4.2,3.4,15678.6,12692.2,2986.4
297,P-2026-04-0155,SKU-CXM-PAD,3841,4.2,3.4,16132.2,13059.4,3072.8
298,P-2026-04-0156,SKU-CXP-CUS,27324,3.4,2.85,92901.6,77873.4,15028.2
299,P-2026-04-0157,SKU-CXP-PRE,1643,4.2,3.3,6900.6,5421.9,1478.7
300,P-2026-04-0158,SKU-CXP-PAD,2729,2.8,2.5,7641.2,6822.5,818.7
301,P-2026-04-0159,SKU-CXP-CUS,932,3.4,2.85,3168.8,2656.2,512.6
302,P-2026-04-0159,SKU-CXP-CUS,933,3.4,2.85,3172.2,2659.05,513.15
303,P-2026-04-0160,SKU-CXG-PAD,3325,6.5,5.1,21612.5,16957.5,4655
304,P-2026-04-0160,SKU-CXP-PAD,7719,2.8,2.5,21613.2,19297.5,2315.7
305,P-2026-04-0161,SKU-CXP-PRE,2362,4.2,3.3,9920.4,7794.6,2125.8
306,P-2026-04-0161,SKU-CXP-PRE,2362,4.2,3.3,9920.4,7794.6,2125.8
307,P-2026-04-0161,SKU-CXM-PRE,1458,6.8,5.1,9914.4,7435.8,2478.6
308,P-2026-04-0162,SKU-CXM-PAD,2467,4.2,3.4,10361.4,8387.8,1973.6
309,P-2026-04-0162,SKU-CXP-PAD,3702,2.8,2.5,10365.6,9255,1110.6
310,P-2026-04-0163,SKU-CXG-PRE,758,10.5,7.8,7959,5912.4,2046.6
311,P-2026-04-0164,SKU-CXM-PAD,3202,4.2,3.4,13448.4,10886.8,2561.6
312,P-2026-04-0165,SKU-CXP-PRE,13874,4.2,3.3,58270.8,45784.2,12486.6
313,P-2026-04-0165,SKU-CXM-PRE,8569,6.8,5.1,58269.2,43701.9,14567.3
314,P-2026-04-0165,SKU-CXM-PRE,8570,6.8,5.1,58276,43707,14569
315,P-2026-04-0166,SKU-CXG-PAD,7549,6.5,5.1,49068.5,38499.9,10568.6
316,P-2026-04-0167,SKU-CXP-PRE,1144,4.2,3.3,4804.8,3775.2,1029.6
317,P-2026-04-0168,SKU-CXP-PAD,1519,2.8,2.5,4253.2,3797.5,455.7
318,P-2026-04-0168,SKU-CXP-PAD,1519,2.8,2.5,4253.2,3797.5,455.7
319,P-2026-04-0169,SKU-CXP-PAD,1957,2.8,2.5,5479.6,4892.5,587.1
320,P-2026-04-0169,SKU-CXP-PAD,1956,2.8,2.5,5476.8,4890,586.8
321,P-2026-04-0170,SKU-CXM-CUS,1538,5.2,4.05,7997.6,6228.9,1768.7
322,P-2026-04-0170,SKU-CXM-CUS,1538,5.2,4.05,7997.6,6228.9,1768.7
323,P-2026-04-0170,SKU-CXP-CUS,2352,3.4,2.85,7996.8,6703.2,1293.6
324,P-2026-04-0171,SKU-CXP-CUS,3816,3.4,2.85,12974.4,10875.6,2098.8
325,P-2026-04-0171,SKU-CXP-CUS,3816,3.4,2.85,12974.4,10875.6,2098.8
326,P-2026-04-0171,SKU-CXP-CUS,3815,3.4,2.85,12971,10872.75,2098.25
327,P-2026-04-0172,SKU-CXM-CUS,815,5.2,4.05,4238,3300.75,937.25
328,P-2026-04-0172,SKU-CXP-CUS,1248,3.4,2.85,4243.2,3556.8,686.4
329,P-2026-04-0173,SKU-CXG-PAD,1386,6.5,5.1,9009,7068.6,1940.4
330,P-2026-04-0173,SKU-CXG-PAD,1385,6.5,5.1,9002.5,7063.5,1939
331,P-2026-04-0174,SKU-CXP-PAD,1442,2.8,2.5,4037.6,3605,432.6
332,P-2026-04-0174,SKU-CXG-PAD,621,6.5,5.1,4036.5,3167.1,869.4
333,P-2026-04-0174,SKU-CXP-PAD,1441,2.8,2.5,4034.8,3602.5,432.3
334,P-2026-04-0175,SKU-CXP-PAD,2917,2.8,2.5,8167.6,7292.5,875.1
335,P-2026-04-0175,SKU-CXM-PAD,1945,4.2,3.4,8169,6613,1556
336,P-2026-04-0176,SKU-CXP-CUS,3356,3.4,2.85,11410.4,9564.6,1845.8
337,P-2026-04-0176,SKU-CXM-CUS,2194,5.2,4.05,11408.8,8885.7,2523.1
338,P-2026-04-0177,SKU-CXM-PAD,5246,4.2,3.4,22033.2,17836.4,4196.8
339,P-2026-04-0178,SKU-CXM-PRE,989,6.8,5.1,6725.2,5043.9,1681.3
340,P-2026-04-0178,SKU-CXM-PRE,989,6.8,5.1,6725.2,5043.9,1681.3
341,P-2026-04-0178,SKU-CXM-PRE,990,6.8,5.1,6732,5049,1683
342,P-2026-04-0179,SKU-CXG-CUS,9006,8.2,6.2,73849.2,55837.2,18012
343,P-2026-04-0179,SKU-CXG-CUS,9007,8.2,6.2,73857.4,55843.4,18014
344,P-2026-04-0180,SKU-CXM-PRE,7183,6.8,5.1,48844.4,36633.3,12211.1
345,P-2026-04-0180,SKU-CXP-PRE,11629,4.2,3.3,48841.8,38375.7,10466.1
346,P-2026-04-0181,SKU-CXP-PAD,1470,2.8,2.5,4116,3675,441
347,P-2026-04-0182,SKU-CXM-PAD,1753,4.2,3.4,7362.6,5960.2,1402.4
348,P-2026-04-0182,SKU-CXM-PAD,1753,4.2,3.4,7362.6,5960.2,1402.4
349,P-2026-04-0182,SKU-CXM-PAD,1754,4.2,3.4,7366.8,5963.6,1403.2
350,P-2026-04-0183,SKU-CXG-PAD,1706,6.5,5.1,11089,8700.6,2388.4
351,P-2026-04-0184,SKU-CXM-PAD,823,4.2,3.4,3456.6,2798.2,658.4
352,P-2026-04-0184,SKU-CXM-PAD,822,4.2,3.4,3452.4,2794.8,657.6
353,P-2026-04-0184,SKU-CXP-PAD,1234,2.8,2.5,3455.2,3085,370.2
354,P-2026-04-0185,SKU-CXM-PAD,9879,4.2,3.4,41491.8,33588.6,7903.2
355,P-2026-04-0185,SKU-CXP-PAD,14820,2.8,2.5,41496,37050,4446
356,P-2026-04-0186,SKU-CXP-PAD,1569,2.8,2.5,4393.2,3922.5,470.7
357,P-2026-04-0186,SKU-CXP-PAD,1570,2.8,2.5,4396,3925,471
358,P-2026-04-0187,SKU-CXG-PAD,985,6.5,5.1,6402.5,5023.5,1379
359,P-2026-04-0187,SKU-CXG-PAD,985,6.5,5.1,6402.5,5023.5,1379
360,P-2026-04-0188,SKU-CXM-PAD,2712,4.2,3.4,11390.4,9220.8,2169.6
361,P-2026-04-0188,SKU-CXM-PAD,2712,4.2,3.4,11390.4,9220.8,2169.6
362,P-2026-04-0188,SKU-CXP-PAD,4069,2.8,2.5,11393.2,10172.5,1220.7
363,P-2026-04-0189,SKU-CXP-PAD,1451,2.8,2.5,4062.8,3627.5,435.3
364,P-2026-04-0190,SKU-CXP-PRE,3897,4.2,3.3,16367.4,12860.1,3507.3
365,P-2026-04-0191,SKU-CXP-PAD,574,2.8,2.5,1607.2,1435,172.2
366,P-2026-04-0191,SKU-CXP-PAD,574,2.8,2.5,1607.2,1435,172.2
367,P-2026-04-0191,SKU-CXP-PAD,573,2.8,2.5,1604.4,1432.5,171.9
368,P-2026-04-0192,SKU-CXP-PAD,8998,2.8,2.5,25194.4,22495,2699.4
369,P-2026-04-0192,SKU-CXM-PAD,5998,4.2,3.4,25191.6,20393.2,4798.4
370,P-2026-04-0193,SKU-CXM-PAD,940,4.2,3.4,3948,3196,752
371,P-2026-04-0194,SKU-CXP-PAD,4055,2.8,2.5,11354,10137.5,1216.5
372,P-2026-04-0195,SKU-CXP-PAD,2470,2.8,2.5,6916,6175,741
373,P-2026-04-0195,SKU-CXP-PAD,2469,2.8,2.5,6913.2,6172.5,740.7
374,P-2026-04-0195,SKU-CXP-PAD,2470,2.8,2.5,6916,6175,741
375,P-2026-04-0196,SKU-CXP-CUS,3969,3.4,2.85,13494.6,11311.65,2182.95
376,P-2026-04-0197,SKU-CXP-PAD,3662,2.8,2.5,10253.6,9155,1098.6
377,P-2026-04-0197,SKU-CXM-PAD,2442,4.2,3.4,10256.4,8302.8,1953.6
378,P-2026-04-0197,SKU-CXG-PAD,1577,6.5,5.1,10250.5,8042.7,2207.8
379,P-2026-04-0198,SKU-CXM-CUS,6052,5.2,4.05,31470.4,24510.6,6959.8
380,P-2026-04-0199,SKU-CXM-PAD,807,4.2,3.4,3389.4,2743.8,645.6
381,P-2026-04-0199,SKU-CXM-PAD,806,4.2,3.4,3385.2,2740.4,644.8
382,P-2026-04-0200,SKU-CXP-PAD,1327,2.8,2.5,3715.6,3317.5,398.1
383,P-2026-04-0200,SKU-CXG-PAD,572,6.5,5.1,3718,2917.2,800.8
384,P-2026-04-0200,SKU-CXP-PAD,1327,2.8,2.5,3715.6,3317.5,398.1
385,P-2026-05-0201,SKU-CXP-PAD,18102,2.8,2.5,50685.6,45255,5430.6
386,P-2026-05-0202,SKU-CXP-CUS,16038,3.4,2.85,54529.2,45708.3,8820.9
387,P-2026-05-0203,SKU-CXM-PAD,1762,4.2,3.4,7400.4,5990.8,1409.6
388,P-2026-05-0203,SKU-CXM-PAD,1763,4.2,3.4,7404.6,5994.2,1410.4
389,P-2026-05-0204,SKU-CXM-PAD,1107,4.2,3.4,4649.4,3763.8,885.6
390,P-2026-05-0205,SKU-CXG-PAD,156,6.5,5.1,1014,795.6,218.4
391,P-2026-05-0205,SKU-CXM-PAD,242,4.2,3.4,1016.4,822.8,193.6
392,P-2026-05-0205,SKU-CXM-PAD,242,4.2,3.4,1016.4,822.8,193.6
393,P-2026-05-0206,SKU-CXP-PAD,4433,2.8,2.5,12412.4,11082.5,1329.9
394,P-2026-05-0207,SKU-CXG-PAD,2995,6.5,5.1,19467.5,15274.5,4193
395,P-2026-05-0208,SKU-CXP-CUS,1183,3.4,2.85,4022.2,3371.55,650.65
396,P-2026-05-0208,SKU-CXP-CUS,1183,3.4,2.85,4022.2,3371.55,650.65
397,P-2026-05-0208,SKU-CXP-CUS,1183,3.4,2.85,4022.2,3371.55,650.65
398,P-2026-05-0209,SKU-CXP-PAD,353,2.8,2.5,988.4,882.5,105.9
399,P-2026-05-0209,SKU-CXG-PAD,152,6.5,5.1,988,775.2,212.8
400,P-2026-05-0209,SKU-CXP-PAD,354,2.8,2.5,991.2,885,106.2
401,P-2026-05-0210,SKU-CXM-PRE,443,6.8,5.1,3012.4,2259.3,753.1
402,P-2026-05-0210,SKU-CXM-PRE,442,6.8,5.1,3005.6,2254.2,751.4
403,P-2026-05-0211,SKU-CXM-PAD,1230,4.2,3.4,5166,4182,984
404,P-2026-05-0211,SKU-CXM-PAD,1230,4.2,3.4,5166,4182,984
405,P-2026-05-0211,SKU-CXG-PAD,794,6.5,5.1,5161,4049.4,1111.6
406,P-2026-05-0212,SKU-CXM-CUS,12710,5.2,4.05,66092,51475.5,14616.5
407,P-2026-05-0212,SKU-CXP-CUS,19440,3.4,2.85,66096,55404,10692
408,P-2026-05-0213,SKU-CXM-CUS,3597,5.2,4.05,18704.4,14567.85,4136.55
409,P-2026-05-0213,SKU-CXM-CUS,3597,5.2,4.05,18704.4,14567.85,4136.55
410,P-2026-05-0214,SKU-CXM-PAD,7223,4.2,3.4,30336.6,24558.2,5778.4
411,P-2026-05-0214,SKU-CXM-PAD,7223,4.2,3.4,30336.6,24558.2,5778.4
412,P-2026-05-0215,SKU-CXG-PAD,9396,6.5,5.1,61074,47919.6,13154.4
413,P-2026-05-0215,SKU-CXP-PAD,21812,2.8,2.5,61073.6,54530,6543.6
414,P-2026-05-0216,SKU-CXP-PAD,3113,2.8,2.5,8716.4,7782.5,933.9
415,P-2026-05-0217,SKU-CXP-CUS,1519,3.4,2.85,5164.6,4329.15,835.45
416,P-2026-05-0217,SKU-CXP-CUS,1518,3.4,2.85,5161.2,4326.3,834.9
417,P-2026-05-0218,SKU-CXM-PAD,829,4.2,3.4,3481.8,2818.6,663.2
418,P-2026-05-0219,SKU-CXM-CUS,49724,5.2,4.05,258564.8,201382.2,57182.6
419,P-2026-05-0220,SKU-CXM-PRE,6772,6.8,5.1,46049.6,34537.2,11512.4
420,P-2026-05-0220,SKU-CXM-PRE,6773,6.8,5.1,46056.4,34542.3,11514.1
421,P-2026-05-0221,SKU-CXG-PAD,364,6.5,5.1,2366,1856.4,509.6
422,P-2026-05-0221,SKU-CXP-PAD,844,2.8,2.5,2363.2,2110,253.2
423,P-2026-05-0221,SKU-CXG-PAD,364,6.5,5.1,2366,1856.4,509.6
424,P-2026-05-0222,SKU-CXG-CUS,5738,8.2,6.2,47051.6,35575.6,11476
425,P-2026-05-0223,SKU-CXM-PAD,305,4.2,3.4,1281,1037,244
426,P-2026-05-0223,SKU-CXM-PAD,305,4.2,3.4,1281,1037,244
427,P-2026-05-0224,SKU-CXP-PAD,2891,2.8,2.5,8094.8,7227.5,867.3
428,P-2026-05-0225,SKU-CXG-PAD,329,6.5,5.1,2138.5,1677.9,460.6
429,P-2026-05-0225,SKU-CXP-PAD,764,2.8,2.5,2139.2,1910,229.2
430,P-2026-05-0225,SKU-CXP-PAD,764,2.8,2.5,2139.2,1910,229.2
431,P-2026-05-0226,SKU-CXM-PAD,726,4.2,3.4,3049.2,2468.4,580.8
432,P-2026-05-0226,SKU-CXM-PAD,727,4.2,3.4,3053.4,2471.8,581.6
433,P-2026-05-0226,SKU-CXM-PAD,726,4.2,3.4,3049.2,2468.4,580.8
434,P-2026-05-0227,SKU-CXP-PAD,7060,2.8,2.5,19768,17650,2118
435,P-2026-05-0227,SKU-CXM-PAD,4707,4.2,3.4,19769.4,16003.8,3765.6
436,P-2026-05-0228,SKU-CXM-PRE,655,6.8,5.1,4454,3340.5,1113.5
437,P-2026-05-0228,SKU-CXP-PRE,1060,4.2,3.3,4452,3498,954
438,P-2026-05-0228,SKU-CXP-PRE,1060,4.2,3.3,4452,3498,954
439,P-2026-05-0229,SKU-CXG-CUS,31810,8.2,6.2,260842,197222,63620
440,P-2026-05-0229,SKU-CXG-CUS,31810,8.2,6.2,260842,197222,63620
441,P-2026-05-0230,SKU-CXM-PRE,10433,6.8,5.1,70944.4,53208.3,17736.1
442,P-2026-05-0230,SKU-CXP-PRE,16893,4.2,3.3,70950.6,55746.9,15203.7
443,P-2026-05-0231,SKU-CXG-PAD,13502,6.5,5.1,87763,68860.2,18902.8
444,P-2026-05-0232,SKU-CXP-PAD,977,2.8,2.5,2735.6,2442.5,293.1
445,P-2026-05-0232,SKU-CXP-PAD,977,2.8,2.5,2735.6,2442.5,293.1
446,P-2026-05-0232,SKU-CXP-PAD,976,2.8,2.5,2732.8,2440,292.8
447,P-2026-05-0233,SKU-CXP-CUS,20011,3.4,2.85,68037.4,57031.35,11006.05
448,P-2026-05-0234,SKU-CXP-PAD,1806,2.8,2.5,5056.8,4515,541.8
449,P-2026-05-0234,SKU-CXM-PAD,1204,4.2,3.4,5056.8,4093.6,963.2
450,P-2026-05-0235,SKU-CXM-CUS,962,5.2,4.05,5002.4,3896.1,1106.3
451,P-2026-05-0235,SKU-CXP-CUS,1471,3.4,2.85,5001.4,4192.35,809.05
452,P-2026-05-0235,SKU-CXP-CUS,1470,3.4,2.85,4998,4189.5,808.5
453,P-2026-05-0236,SKU-CXP-PAD,2709,2.8,2.5,7585.2,6772.5,812.7
454,P-2026-05-0237,SKU-CXM-CUS,13447,5.2,4.05,69924.4,54460.35,15464.05
455,P-2026-05-0237,SKU-CXG-CUS,8527,8.2,6.2,69921.4,52867.4,17054
456,P-2026-05-0238,SKU-CXP-PAD,15385,2.8,2.5,43078,38462.5,4615.5
457,P-2026-05-0238,SKU-CXP-PAD,15386,2.8,2.5,43080.8,38465,4615.8
458,P-2026-05-0239,SKU-CXP-PAD,27204,2.8,2.5,76171.2,68010,8161.2
459,P-2026-05-0240,SKU-CXM-PAD,1912,4.2,3.4,8030.4,6500.8,1529.6
460,P-2026-05-0241,SKU-CXM-CUS,4459,5.2,4.05,23186.8,18058.95,5127.85
461,P-2026-05-0242,SKU-CXP-CUS,6091,3.4,2.85,20709.4,17359.35,3350.05
462,P-2026-05-0242,SKU-CXP-CUS,6092,3.4,2.85,20712.8,17362.2,3350.6
463,P-2026-05-0243,SKU-CXP-PAD,668,2.8,2.5,1870.4,1670,200.4
464,P-2026-05-0243,SKU-CXM-PAD,445,4.2,3.4,1869,1513,356
465,P-2026-05-0243,SKU-CXP-PAD,669,2.8,2.5,1873.2,1672.5,200.7
466,P-2026-05-0244,SKU-CXP-PAD,1900,2.8,2.5,5320,4750,570
467,P-2026-05-0245,SKU-CXP-PAD,14509,2.8,2.5,40625.2,36272.5,4352.7
468,P-2026-05-0246,SKU-CXP-CUS,5030,3.4,2.85,17102,14335.5,2766.5
469,P-2026-05-0246,SKU-CXP-CUS,5029,3.4,2.85,17098.6,14332.65,2765.95
470,P-2026-05-0247,SKU-CXM-PAD,18056,4.2,3.4,75835.2,61390.4,14444.8
471,P-2026-05-0248,SKU-CXM-PAD,8637,4.2,3.4,36275.4,29365.8,6909.6
472,P-2026-05-0249,SKU-CXP-PAD,2216,2.8,2.5,6204.8,5540,664.8
473,P-2026-05-0249,SKU-CXP-PAD,2216,2.8,2.5,6204.8,5540,664.8
474,P-2026-05-0249,SKU-CXP-PAD,2215,2.8,2.5,6202,5537.5,664.5
475,P-2026-05-0250,SKU-CXM-PAD,888,4.2,3.4,3729.6,3019.2,710.4
476,P-2026-05-0250,SKU-CXP-PAD,1332,2.8,2.5,3729.6,3330,399.6
477,P-2026-05-0250,SKU-CXP-PAD,1333,2.8,2.5,3732.4,3332.5,399.9
478,P-2026-05-0251,SKU-CXP-PAD,2529,2.8,2.5,7081.2,6322.5,758.7
479,P-2026-05-0251,SKU-CXP-PAD,2529,2.8,2.5,7081.2,6322.5,758.7
480,P-2026-05-0251,SKU-CXG-PAD,1089,6.5,5.1,7078.5,5553.9,1524.6
481,P-2026-05-0252,SKU-CXP-PAD,2112,2.8,2.5,5913.6,5280,633.6
482,P-2026-05-0252,SKU-CXM-PAD,1408,4.2,3.4,5913.6,4787.2,1126.4
483,P-2026-05-0253,SKU-CXP-PAD,1028,2.8,2.5,2878.4,2570,308.4
484,P-2026-05-0253,SKU-CXP-PAD,1028,2.8,2.5,2878.4,2570,308.4
485,P-2026-05-0253,SKU-CXP-PAD,1028,2.8,2.5,2878.4,2570,308.4
486,P-2026-05-0254,SKU-CXM-PAD,1482,4.2,3.4,6224.4,5038.8,1185.6
487,P-2026-05-0255,SKU-CXM-PAD,1260,4.2,3.4,5292,4284,1008
488,P-2026-05-0255,SKU-CXP-PAD,1890,2.8,2.5,5292,4725,567
489,P-2026-05-0256,SKU-CXG-CUS,1349,8.2,6.2,11061.8,8363.8,2698
490,P-2026-05-0256,SKU-CXP-CUS,3254,3.4,2.85,11063.6,9273.9,1789.7
491,P-2026-05-0257,SKU-CXM-PAD,940,4.2,3.4,3948,3196,752
492,P-2026-05-0257,SKU-CXM-PAD,940,4.2,3.4,3948,3196,752
493,P-2026-05-0257,SKU-CXG-PAD,607,6.5,5.1,3945.5,3095.7,849.8
494,P-2026-05-0258,SKU-CXP-PAD,2478,2.8,2.5,6938.4,6195,743.4
495,P-2026-05-0258,SKU-CXP-PAD,2479,2.8,2.5,6941.2,6197.5,743.7
496,P-2026-05-0258,SKU-CXP-PAD,2478,2.8,2.5,6938.4,6195,743.4
497,P-2026-05-0259,SKU-CXM-CUS,2008,5.2,4.05,10441.6,8132.4,2309.2
498,P-2026-05-0259,SKU-CXP-CUS,3071,3.4,2.85,10441.4,8752.35,1689.05
499,P-2026-05-0259,SKU-CXG-CUS,1273,8.2,6.2,10438.6,7892.6,2546
500,P-2026-05-0260,SKU-CXG-PAD,474,6.5,5.1,3081,2417.4,663.6
501,P-2026-05-0260,SKU-CXP-PAD,1099,2.8,2.5,3077.2,2747.5,329.7
502,P-2026-05-0260,SKU-CXP-PAD,1100,2.8,2.5,3080,2750,330
503,P-2026-05-0261,SKU-CXP-PAD,3589,2.8,2.5,10049.2,8972.5,1076.7
504,P-2026-05-0261,SKU-CXP-PAD,3589,2.8,2.5,10049.2,8972.5,1076.7
505,P-2026-05-0261,SKU-CXM-PAD,2392,4.2,3.4,10046.4,8132.8,1913.6
506,P-2026-05-0262,SKU-CXP-PAD,6317,2.8,2.5,17687.6,15792.5,1895.1
507,P-2026-05-0262,SKU-CXG-PAD,2721,6.5,5.1,17686.5,13877.1,3809.4
508,P-2026-05-0262,SKU-CXM-PAD,4211,4.2,3.4,17686.2,14317.4,3368.8
509,P-2026-05-0263,SKU-CXP-PAD,1151,2.8,2.5,3222.8,2877.5,345.3
510,P-2026-05-0263,SKU-CXM-PAD,767,4.2,3.4,3221.4,2607.8,613.6
511,P-2026-05-0263,SKU-CXM-PAD,767,4.2,3.4,3221.4,2607.8,613.6
512,P-2026-05-0264,SKU-CXP-PAD,1025,2.8,2.5,2870,2562.5,307.5
513,P-2026-05-0264,SKU-CXM-PAD,684,4.2,3.4,2872.8,2325.6,547.2
514,P-2026-05-0265,SKU-CXM-CUS,544,5.2,4.05,2828.8,2203.2,625.6
515,P-2026-05-0265,SKU-CXP-CUS,832,3.4,2.85,2828.8,2371.2,457.6
516,P-2026-05-0265,SKU-CXM-CUS,544,5.2,4.05,2828.8,2203.2,625.6
517,P-2026-05-0266,SKU-CXM-PAD,2869,4.2,3.4,12049.8,9754.6,2295.2
518,P-2026-05-0266,SKU-CXG-PAD,1854,6.5,5.1,12051,9455.4,2595.6
519,P-2026-05-0267,SKU-CXP-PAD,2348,2.8,2.5,6574.4,5870,704.4
520,P-2026-05-0267,SKU-CXG-PAD,1012,6.5,5.1,6578,5161.2,1416.8
521,P-2026-05-0268,SKU-CXG-PAD,1407,6.5,5.1,9145.5,7175.7,1969.8
522,P-2026-05-0269,SKU-CXG-PAD,1070,6.5,5.1,6955,5457,1498
523,P-2026-05-0269,SKU-CXP-PAD,2483,2.8,2.5,6952.4,6207.5,744.9
524,P-2026-05-0270,SKU-CXP-PRE,1907,4.2,3.3,8009.4,6293.1,1716.3
525,P-2026-05-0270,SKU-CXP-PRE,1907,4.2,3.3,8009.4,6293.1,1716.3
526,P-2026-05-0270,SKU-CXP-PRE,1907,4.2,3.3,8009.4,6293.1,1716.3
527,P-2026-05-0271,SKU-CXP-CUS,7170,3.4,2.85,24378,20434.5,3943.5
528,P-2026-05-0272,SKU-CXG-PAD,1482,6.5,5.1,9633,7558.2,2074.8
529,P-2026-05-0273,SKU-CXM-PRE,1813,6.8,5.1,12328.4,9246.3,3082.1
530,P-2026-05-0273,SKU-CXP-PRE,2936,4.2,3.3,12331.2,9688.8,2642.4
531,P-2026-05-0273,SKU-CXM-PRE,1813,6.8,5.1,12328.4,9246.3,3082.1
532,P-2026-05-0274,SKU-CXP-PAD,12005,2.8,2.5,33614,30012.5,3601.5
533,P-2026-05-0274,SKU-CXP-PAD,12005,2.8,2.5,33614,30012.5,3601.5
534,P-2026-05-0275,SKU-CXP-PAD,2764,2.8,2.5,7739.2,6910,829.2
535,P-2026-05-0275,SKU-CXP-PAD,2764,2.8,2.5,7739.2,6910,829.2
536,P-2026-05-0276,SKU-CXM-PRE,1521,6.8,5.1,10342.8,7757.1,2585.7
537,P-2026-05-0277,SKU-CXM-PAD,2157,4.2,3.4,9059.4,7333.8,1725.6
538,P-2026-05-0277,SKU-CXG-PAD,1394,6.5,5.1,9061,7109.4,1951.6
539,P-2026-05-0278,SKU-CXP-PRE,707,4.2,3.3,2969.4,2333.1,636.3
540,P-2026-05-0278,SKU-CXG-PRE,283,10.5,7.8,2971.5,2207.4,764.1
541,P-2026-05-0278,SKU-CXP-PRE,707,4.2,3.3,2969.4,2333.1,636.3
542,P-2026-05-0279,SKU-CXG-PAD,956,6.5,5.1,6214,4875.6,1338.4
543,P-2026-05-0279,SKU-CXG-PAD,956,6.5,5.1,6214,4875.6,1338.4
544,P-2026-05-0279,SKU-CXP-PAD,2219,2.8,2.5,6213.2,5547.5,665.7
545,P-2026-05-0280,SKU-CXP-CUS,10047,3.4,2.85,34159.8,28633.95,5525.85
546,P-2026-05-0280,SKU-CXP-CUS,10047,3.4,2.85,34159.8,28633.95,5525.85
547,P-2026-05-0281,SKU-CXP-PAD,1866,2.8,2.5,5224.8,4665,559.8
548,P-2026-05-0281,SKU-CXG-PAD,804,6.5,5.1,5226,4100.4,1125.6
549,P-2026-05-0281,SKU-CXG-PAD,804,6.5,5.1,5226,4100.4,1125.6
550,P-2026-05-0282,SKU-CXG-PAD,5113,6.5,5.1,33234.5,26076.3,7158.2
551,P-2026-05-0283,SKU-CXM-PAD,763,4.2,3.4,3204.6,2594.2,610.4
552,P-2026-05-0283,SKU-CXP-PAD,1144,2.8,2.5,3203.2,2860,343.2
553,P-2026-05-0283,SKU-CXG-PAD,493,6.5,5.1,3204.5,2514.3,690.2
554,P-2026-05-0284,SKU-CXM-PAD,3873,4.2,3.4,16266.6,13168.2,3098.4
555,P-2026-05-0284,SKU-CXM-PAD,3874,4.2,3.4,16270.8,13171.6,3099.2
556,P-2026-05-0284,SKU-CXP-PAD,5810,2.8,2.5,16268,14525,1743
557,P-2026-05-0285,SKU-CXM-PAD,62004,4.2,3.4,260416.8,210813.6,49603.2
558,P-2026-05-0286,SKU-CXG-PAD,969,6.5,5.1,6298.5,4941.9,1356.6
559,P-2026-05-0286,SKU-CXP-PAD,2249,2.8,2.5,6297.2,5622.5,674.7
560,P-2026-05-0286,SKU-CXG-PAD,969,6.5,5.1,6298.5,4941.9,1356.6
561,P-2026-05-0287,SKU-CXP-PAD,1139,2.8,2.5,3189.2,2847.5,341.7
562,P-2026-05-0287,SKU-CXM-PAD,759,4.2,3.4,3187.8,2580.6,607.2
563,P-2026-05-0288,SKU-CXG-PAD,252,6.5,5.1,1638,1285.2,352.8
564,P-2026-05-0288,SKU-CXP-PAD,585,2.8,2.5,1638,1462.5,175.5
565,P-2026-05-0288,SKU-CXP-PAD,585,2.8,2.5,1638,1462.5,175.5
566,P-2026-05-0289,SKU-CXM-PRE,6167,6.8,5.1,41935.6,31451.7,10483.9
567,P-2026-05-0289,SKU-CXP-PRE,9983,4.2,3.3,41928.6,32943.9,8984.7
568,P-2026-05-0290,SKU-CXG-PAD,546,6.5,5.1,3549,2784.6,764.4
569,P-2026-05-0290,SKU-CXM-PAD,846,4.2,3.4,3553.2,2876.4,676.8
570,P-2026-05-0291,SKU-CXG-PRE,576,10.5,7.8,6048,4492.8,1555.2
571,P-2026-05-0292,SKU-CXM-PAD,2385,4.2,3.4,10017,8109,1908
572,P-2026-05-0292,SKU-CXP-PAD,3578,2.8,2.5,10018.4,8945,1073.4
573,P-2026-05-0293,SKU-CXP-CUS,1278,3.4,2.85,4345.2,3642.3,702.9
574,P-2026-05-0293,SKU-CXM-CUS,836,5.2,4.05,4347.2,3385.8,961.4
575,P-2026-05-0294,SKU-CXG-PAD,775,6.5,5.1,5037.5,3952.5,1085
576,P-2026-05-0294,SKU-CXM-PAD,1199,4.2,3.4,5035.8,4076.6,959.2
577,P-2026-05-0295,SKU-CXP-CUS,4299,3.4,2.85,14616.6,12252.15,2364.45
578,P-2026-05-0296,SKU-CXP-CUS,472,3.4,2.85,1604.8,1345.2,259.6
579,P-2026-05-0296,SKU-CXG-CUS,196,8.2,6.2,1607.2,1215.2,392
580,P-2026-05-0296,SKU-CXG-CUS,196,8.2,6.2,1607.2,1215.2,392
581,P-2026-05-0297,SKU-CXM-PAD,3578,4.2,3.4,15027.6,12165.2,2862.4
582,P-2026-05-0297,SKU-CXM-PAD,3579,4.2,3.4,15031.8,12168.6,2863.2
583,P-2026-05-0298,SKU-CXP-PAD,553,2.8,2.5,1548.4,1382.5,165.9
584,P-2026-05-0298,SKU-CXP-PAD,554,2.8,2.5,1551.2,1385,166.2
585,P-2026-05-0298,SKU-CXP-PAD,553,2.8,2.5,1548.4,1382.5,165.9
586,P-2026-05-0299,SKU-CXM-PAD,697,4.2,3.4,2927.4,2369.8,557.6
587,P-2026-05-0299,SKU-CXP-PAD,1045,2.8,2.5,2926,2612.5,313.5
588,P-2026-05-0300,SKU-CXM-CUS,2889,5.2,4.05,15022.8,11700.45,3322.35
589,P-2026-05-0300,SKU-CXM-CUS,2888,5.2,4.05,15017.6,11696.4,3321.2
590,P-2026-05-0300,SKU-CXM-CUS,2889,5.2,4.05,15022.8,11700.45,3322.35
591,P-2026-05-0301,SKU-CXM-PAD,8177,4.2,3.4,34343.4,27801.8,6541.6
592,P-2026-05-0301,SKU-CXG-PAD,5284,6.5,5.1,34346,26948.4,7397.6
593,P-2026-05-0302,SKU-CXP-PAD,21093,2.8,2.5,59060.4,52732.5,6327.9
594,P-2026-05-0303,SKU-CXP-PAD,7711,2.8,2.5,21590.8,19277.5,2313.3
595,P-2026-05-0303,SKU-CXP-PAD,7712,2.8,2.5,21593.6,19280,2313.6
596,P-2026-05-0303,SKU-CXP-PAD,7711,2.8,2.5,21590.8,19277.5,2313.3
597,P-2026-05-0304,SKU-CXP-PAD,5013,2.8,2.5,14036.4,12532.5,1503.9
598,P-2026-05-0304,SKU-CXP-PAD,5013,2.8,2.5,14036.4,12532.5,1503.9
599,P-2026-05-0305,SKU-CXP-PAD,1939,2.8,2.5,5429.2,4847.5,581.7
600,P-2026-05-0306,SKU-CXP-PAD,2134,2.8,2.5,5975.2,5335,640.2
601,P-2026-05-0306,SKU-CXP-PAD,2135,2.8,2.5,5978,5337.5,640.5
602,P-2026-05-0306,SKU-CXG-PAD,919,6.5,5.1,5973.5,4686.9,1286.6
603,P-2026-05-0307,SKU-CXP-PAD,1280,2.8,2.5,3584,3200,384
604,P-2026-05-0307,SKU-CXM-PAD,854,4.2,3.4,3586.8,2903.6,683.2
605,P-2026-05-0307,SKU-CXG-PAD,551,6.5,5.1,3581.5,2810.1,771.4
606,P-2026-05-0308,SKU-CXP-CUS,2169,3.4,2.85,7374.6,6181.65,1192.95
607,P-2026-05-0308,SKU-CXP-CUS,2169,3.4,2.85,7374.6,6181.65,1192.95
608,P-2026-05-0308,SKU-CXP-CUS,2170,3.4,2.85,7378,6184.5,1193.5
609,P-2026-05-0309,SKU-CXP-CUS,506,3.4,2.85,1720.4,1442.1,278.3
610,P-2026-05-0309,SKU-CXG-CUS,210,8.2,6.2,1722,1302,420
611,P-2026-05-0309,SKU-CXM-CUS,331,5.2,4.05,1721.2,1340.55,380.65
612,P-2026-05-0310,SKU-CXG-CUS,228,8.2,6.2,1869.6,1413.6,456
613,P-2026-05-0310,SKU-CXG-CUS,228,8.2,6.2,1869.6,1413.6,456
614,P-2026-05-0311,SKU-CXP-PRE,13665,4.2,3.3,57393,45094.5,12298.5
615,P-2026-05-0311,SKU-CXM-PRE,8440,6.8,5.1,57392,43044,14348
616,P-2026-05-0312,SKU-CXM-PAD,1366,4.2,3.4,5737.2,4644.4,1092.8
617,P-2026-05-0312,SKU-CXM-PAD,1367,4.2,3.4,5741.4,4647.8,1093.6
618,P-2026-05-0313,SKU-CXP-CUS,1176,3.4,2.85,3998.4,3351.6,646.8
619,P-2026-05-0313,SKU-CXG-CUS,488,8.2,6.2,4001.6,3025.6,976
620,P-2026-05-0313,SKU-CXG-CUS,487,8.2,6.2,3993.4,3019.4,974
621,P-2026-05-0314,SKU-CXM-PAD,703,4.2,3.4,2952.6,2390.2,562.4
622,P-2026-05-0314,SKU-CXG-PAD,454,6.5,5.1,2951,2315.4,635.6
623,P-2026-05-0314,SKU-CXG-PAD,454,6.5,5.1,2951,2315.4,635.6
624,P-2026-05-0315,SKU-CXM-PAD,6607,4.2,3.4,27749.4,22463.8,5285.6
625,P-2026-05-0316,SKU-CXM-PAD,1112,4.2,3.4,4670.4,3780.8,889.6
626,P-2026-05-0316,SKU-CXM-PAD,1113,4.2,3.4,4674.6,3784.2,890.4
627,P-2026-05-0316,SKU-CXM-PAD,1112,4.2,3.4,4670.4,3780.8,889.6
628,P-2026-05-0317,SKU-CXP-CUS,13999,3.4,2.85,47596.6,39897.15,7699.45
629,P-2026-05-0318,SKU-CXP-PAD,6644,2.8,2.5,18603.2,16610,1993.2
630,P-2026-05-0319,SKU-CXP-PAD,9255,2.8,2.5,25914,23137.5,2776.5
631,P-2026-05-0319,SKU-CXP-PAD,9254,2.8,2.5,25911.2,23135,2776.2
632,P-2026-05-0320,SKU-CXP-CUS,686,3.4,2.85,2332.4,1955.1,377.3
633,P-2026-05-0320,SKU-CXP-CUS,686,3.4,2.85,2332.4,1955.1,377.3
634,P-2026-05-0320,SKU-CXP-CUS,686,3.4,2.85,2332.4,1955.1,377.3
635,P-2026-05-0321,SKU-CXM-PAD,397,4.2,3.4,1667.4,1349.8,317.6
636,P-2026-05-0321,SKU-CXG-PAD,257,6.5,5.1,1670.5,1310.7,359.8
637,P-2026-05-0321,SKU-CXP-PAD,595,2.8,2.5,1666,1487.5,178.5
638,P-2026-05-0322,SKU-CXG-PAD,608,6.5,5.1,3952,3100.8,851.2
639,P-2026-05-0322,SKU-CXG-PAD,607,6.5,5.1,3945.5,3095.7,849.8
640,P-2026-05-0322,SKU-CXG-PAD,608,6.5,5.1,3952,3100.8,851.2
641,P-2026-05-0323,SKU-CXP-PAD,3666,2.8,2.5,10264.8,9165,1099.8
642,P-2026-05-0324,SKU-CXG-PAD,696,6.5,5.1,4524,3549.6,974.4
643,P-2026-05-0324,SKU-CXM-PAD,1077,4.2,3.4,4523.4,3661.8,861.6
644,P-2026-05-0325,SKU-CXP-PAD,1136,2.8,2.5,3180.8,2840,340.8
645,P-2026-05-0325,SKU-CXM-PAD,757,4.2,3.4,3179.4,2573.8,605.6
646,P-2026-05-0325,SKU-CXP-PAD,1136,2.8,2.5,3180.8,2840,340.8
647,P-2026-05-0326,SKU-CXG-PAD,1071,6.5,5.1,6961.5,5462.1,1499.4
648,P-2026-05-0326,SKU-CXP-PAD,2488,2.8,2.5,6966.4,6220,746.4
649,P-2026-05-0326,SKU-CXM-PAD,1659,4.2,3.4,6967.8,5640.6,1327.2
650,P-2026-05-0327,SKU-CXM-PRE,1009,6.8,5.1,6861.2,5145.9,1715.3
651,P-2026-05-0328,SKU-CXG-CUS,803,8.2,6.2,6584.6,4978.6,1606
652,P-2026-05-0328,SKU-CXP-CUS,1938,3.4,2.85,6589.2,5523.3,1065.9
653,P-2026-05-0328,SKU-CXP-CUS,1937,3.4,2.85,6585.8,5520.45,1065.35
654,P-2026-05-0329,SKU-CXM-PRE,8369,6.8,5.1,56909.2,42681.9,14227.3
655,P-2026-05-0329,SKU-CXM-PRE,8369,6.8,5.1,56909.2,42681.9,14227.3
656,P-2026-05-0329,SKU-CXM-PRE,8370,6.8,5.1,56916,42687,14229
657,P-2026-05-0330,SKU-CXG-PRE,12139,10.5,7.8,127459.5,94684.2,32775.3
658,P-2026-05-0331,SKU-CXP-PAD,6924,2.8,2.5,19387.2,17310,2077.2
659,P-2026-05-0331,SKU-CXP-PAD,6924,2.8,2.5,19387.2,17310,2077.2
660,P-2026-05-0331,SKU-CXP-PAD,6925,2.8,2.5,19390,17312.5,2077.5
661,P-2026-05-0332,SKU-CXM-PRE,1135,6.8,5.1,7718,5788.5,1929.5
662,P-2026-05-0333,SKU-CXP-PAD,3567,2.8,2.5,9987.6,8917.5,1070.1
663,P-2026-05-0333,SKU-CXP-PAD,3567,2.8,2.5,9987.6,8917.5,1070.1
664,P-2026-05-0334,SKU-CXM-PAD,550,4.2,3.4,2310,1870,440
665,P-2026-05-0334,SKU-CXM-PAD,550,4.2,3.4,2310,1870,440
666,P-2026-05-0334,SKU-CXP-PAD,825,2.8,2.5,2310,2062.5,247.5
667,P-2026-05-0335,SKU-CXM-PAD,701,4.2,3.4,2944.2,2383.4,560.8
668,P-2026-05-0335,SKU-CXM-PAD,702,4.2,3.4,2948.4,2386.8,561.6
669,P-2026-05-0336,SKU-CXP-PAD,12624,2.8,2.5,35347.2,31560,3787.2
670,P-2026-05-0336,SKU-CXP-PAD,12625,2.8,2.5,35350,31562.5,3787.5
671,P-2026-05-0337,SKU-CXM-PAD,2267,4.2,3.4,9521.4,7707.8,1813.6
672,P-2026-05-0337,SKU-CXP-PAD,3400,2.8,2.5,9520,8500,1020
673,P-2026-05-0338,SKU-CXM-PAD,639,4.2,3.4,2683.8,2172.6,511.2
674,P-2026-05-0338,SKU-CXP-PAD,957,2.8,2.5,2679.6,2392.5,287.1
675,P-2026-05-0339,SKU-CXP-PAD,6471,2.8,2.5,18118.8,16177.5,1941.3
676,P-2026-05-0340,SKU-CXP-PAD,199,2.8,2.5,557.2,497.5,59.7
677,P-2026-05-0340,SKU-CXG-PAD,85,6.5,5.1,552.5,433.5,119
678,P-2026-05-0340,SKU-CXM-PAD,133,4.2,3.4,558.6,452.2,106.4
679,P-2026-05-0341,SKU-CXM-PAD,1088,4.2,3.4,4569.6,3699.2,870.4
680,P-2026-05-0341,SKU-CXP-PAD,1631,2.8,2.5,4566.8,4077.5,489.3
681,P-2026-05-0342,SKU-CXP-PAD,1872,2.8,2.5,5241.6,4680,561.6
682,P-2026-05-0342,SKU-CXP-PAD,1872,2.8,2.5,5241.6,4680,561.6
683,P-2026-05-0343,SKU-CXP-PRE,1702,4.2,3.3,7148.4,5616.6,1531.8
684,P-2026-05-0344,SKU-CXG-CUS,28955,8.2,6.2,237431,179521,57910
685,P-2026-05-0345,SKU-CXP-PAD,9883,2.8,2.5,27672.4,24707.5,2964.9
686,P-2026-05-0345,SKU-CXM-PAD,6588,4.2,3.4,27669.6,22399.2,5270.4
687,P-2026-05-0345,SKU-CXM-PAD,6589,4.2,3.4,27673.8,22402.6,5271.2
688,P-2026-05-0346,SKU-CXP-PAD,970,2.8,2.5,2716,2425,291
689,P-2026-05-0346,SKU-CXP-PAD,969,2.8,2.5,2713.2,2422.5,290.7
690,P-2026-05-0347,SKU-CXM-PAD,1005,4.2,3.4,4221,3417,804
691,P-2026-05-0348,SKU-CXP-PAD,4285,2.8,2.5,11998,10712.5,1285.5
692,P-2026-05-0348,SKU-CXG-PAD,1846,6.5,5.1,11999,9414.6,2584.4
693,P-2026-05-0349,SKU-CXP-CUS,24809,3.4,2.85,84350.6,70705.65,13644.95
694,P-2026-05-0350,SKU-CXP-PAD,2463,2.8,2.5,6896.4,6157.5,738.9
695,P-2026-05-0350,SKU-CXG-PAD,1061,6.5,5.1,6896.5,5411.1,1485.4
696,P-2026-05-0350,SKU-CXP-PAD,2464,2.8,2.5,6899.2,6160,739.2
697,P-2026-05-0351,SKU-CXP-PRE,4174,4.2,3.3,17530.8,13774.2,3756.6
698,P-2026-05-0351,SKU-CXP-PRE,4174,4.2,3.3,17530.8,13774.2,3756.6
699,P-2026-05-0352,SKU-CXP-PAD,5101,2.8,2.5,14282.8,12752.5,1530.3
700,P-2026-05-0352,SKU-CXP-PAD,5102,2.8,2.5,14285.6,12755,1530.6
701,P-2026-05-0353,SKU-CXG-PRE,319,10.5,7.8,3349.5,2488.2,861.3
702,P-2026-05-0353,SKU-CXP-PRE,798,4.2,3.3,3351.6,2633.4,718.2
703,P-2026-05-0353,SKU-CXM-PRE,493,6.8,5.1,3352.4,2514.3,838.1
704,P-2026-05-0354,SKU-CXM-PAD,1158,4.2,3.4,4863.6,3937.2,926.4
705,P-2026-05-0354,SKU-CXP-PAD,1737,2.8,2.5,4863.6,4342.5,521.1
706,P-2026-05-0355,SKU-CXP-PAD,909,2.8,2.5,2545.2,2272.5,272.7
707,P-2026-05-0355,SKU-CXG-PAD,392,6.5,5.1,2548,1999.2,548.8
708,P-2026-05-0355,SKU-CXM-PAD,606,4.2,3.4,2545.2,2060.4,484.8
709,P-2026-05-0356,SKU-CXP-PRE,7752,4.2,3.3,32558.4,25581.6,6976.8
710,P-2026-05-0357,SKU-CXG-PAD,1733,6.5,5.1,11264.5,8838.3,2426.2
711,P-2026-05-0357,SKU-CXM-PAD,2683,4.2,3.4,11268.6,9122.2,2146.4
712,P-2026-05-0357,SKU-CXP-PAD,4024,2.8,2.5,11267.2,10060,1207.2
713,P-2026-05-0358,SKU-CXM-PRE,26782,6.8,5.1,182117.6,136588.2,45529.4
714,P-2026-05-0359,SKU-CXG-PAD,6405,6.5,5.1,41632.5,32665.5,8967
715,P-2026-05-0360,SKU-CXP-PAD,1753,2.8,2.5,4908.4,4382.5,525.9
716,P-2026-05-0360,SKU-CXM-PAD,1168,4.2,3.4,4905.6,3971.2,934.4
717,P-2026-05-0361,SKU-CXP-PAD,1504,2.8,2.5,4211.2,3760,451.2
718,P-2026-05-0361,SKU-CXP-PAD,1504,2.8,2.5,4211.2,3760,451.2
719,P-2026-05-0362,SKU-CXP-PAD,764,2.8,2.5,2139.2,1910,229.2
720,P-2026-05-0362,SKU-CXM-PAD,509,4.2,3.4,2137.8,1730.6,407.2
721,P-2026-05-0363,SKU-CXG-PAD,652,6.5,5.1,4238,3325.2,912.8
722,P-2026-05-0363,SKU-CXM-PAD,1010,4.2,3.4,4242,3434,808
723,P-2026-05-0363,SKU-CXM-PAD,1010,4.2,3.4,4242,3434,808
724,P-2026-05-0364,SKU-CXP-PAD,4072,2.8,2.5,11401.6,10180,1221.6
725,P-2026-05-0364,SKU-CXP-PAD,4073,2.8,2.5,11404.4,10182.5,1221.9
726,P-2026-05-0364,SKU-CXM-PAD,2715,4.2,3.4,11403,9231,2172
727,P-2026-05-0365,SKU-CXG-PAD,583,6.5,5.1,3789.5,2973.3,816.2
728,P-2026-05-0365,SKU-CXP-PAD,1352,2.8,2.5,3785.6,3380,405.6
729,P-2026-05-0366,SKU-CXM-PAD,971,4.2,3.4,4078.2,3301.4,776.8
730,P-2026-05-0366,SKU-CXM-PAD,971,4.2,3.4,4078.2,3301.4,776.8
731,P-2026-05-0366,SKU-CXG-PAD,627,6.5,5.1,4075.5,3197.7,877.8
732,P-2026-05-0367,SKU-CXP-CUS,40383,3.4,2.85,137302.2,115091.55,22210.65
733,P-2026-05-0367,SKU-CXP-CUS,40383,3.4,2.85,137302.2,115091.55,22210.65
734,P-2026-05-0368,SKU-CXM-CUS,6819,5.2,4.05,35458.8,27616.95,7841.85
735,P-2026-05-0368,SKU-CXP-CUS,10430,3.4,2.85,35462,29725.5,5736.5
736,P-2026-05-0368,SKU-CXG-CUS,4325,8.2,6.2,35465,26815,8650
737,P-2026-05-0369,SKU-CXM-PRE,21361,6.8,5.1,145254.8,108941.1,36313.7
738,P-2026-05-0370,SKU-CXM-PAD,5248,4.2,3.4,22041.6,17843.2,4198.4
739,P-2026-05-0370,SKU-CXM-PAD,5249,4.2,3.4,22045.8,17846.6,4199.2
740,P-2026-05-0371,SKU-CXM-PAD,21301,4.2,3.4,89464.2,72423.4,17040.8
741,P-2026-05-0372,SKU-CXG-PAD,11098,6.5,5.1,72137,56599.8,15537.2
742,P-2026-05-0372,SKU-CXG-PAD,11099,6.5,5.1,72143.5,56604.9,15538.6
743,P-2026-05-0372,SKU-CXM-PAD,17176,4.2,3.4,72139.2,58398.4,13740.8
744,P-2026-05-0373,SKU-CXM-PAD,735,4.2,3.4,3087,2499,588
745,P-2026-05-0373,SKU-CXM-PAD,735,4.2,3.4,3087,2499,588
746,P-2026-05-0373,SKU-CXP-PAD,1103,2.8,2.5,3088.4,2757.5,330.9
747,P-2026-05-0374,SKU-CXP-PAD,1709,2.8,2.5,4785.2,4272.5,512.7
748,P-2026-05-0374,SKU-CXG-PAD,736,6.5,5.1,4784,3753.6,1030.4
749,P-2026-05-0374,SKU-CXM-PAD,1139,4.2,3.4,4783.8,3872.6,911.2
750,P-2026-05-0375,SKU-CXM-CUS,1231,5.2,4.05,6401.2,4985.55,1415.65
751,P-2026-05-0375,SKU-CXG-CUS,780,8.2,6.2,6396,4836,1560
752,P-2026-05-0376,SKU-CXP-PAD,3012,2.8,2.5,8433.6,7530,903.6
753,P-2026-05-0376,SKU-CXP-PAD,3013,2.8,2.5,8436.4,7532.5,903.9
754,P-2026-05-0376,SKU-CXG-PAD,1298,6.5,5.1,8437,6619.8,1817.2
755,P-2026-05-0377,SKU-CXG-PAD,328,6.5,5.1,2132,1672.8,459.2
756,P-2026-05-0377,SKU-CXP-PAD,761,2.8,2.5,2130.8,1902.5,228.3
757,P-2026-05-0378,SKU-CXP-PAD,8136,2.8,2.5,22780.8,20340,2440.8
758,P-2026-05-0378,SKU-CXP-PAD,8136,2.8,2.5,22780.8,20340,2440.8
759,P-2026-05-0379,SKU-CXP-PAD,2184,2.8,2.5,6115.2,5460,655.2
760,P-2026-05-0379,SKU-CXP-PAD,2184,2.8,2.5,6115.2,5460,655.2
761,P-2026-05-0380,SKU-CXP-CUS,2038,3.4,2.85,6929.2,5808.3,1120.9
762,P-2026-05-0380,SKU-CXG-CUS,845,8.2,6.2,6929,5239,1690
763,P-2026-05-0381,SKU-CXP-CUS,4096,3.4,2.85,13926.4,11673.6,2252.8
764,P-2026-05-0381,SKU-CXM-CUS,2678,5.2,4.05,13925.6,10845.9,3079.7
765,P-2026-05-0382,SKU-CXG-PAD,1088,6.5,5.1,7072,5548.8,1523.2
766,P-2026-05-0382,SKU-CXP-PAD,2524,2.8,2.5,7067.2,6310,757.2
767,P-2026-05-0383,SKU-CXP-PAD,1067,2.8,2.5,2987.6,2667.5,320.1
768,P-2026-05-0383,SKU-CXP-PAD,1066,2.8,2.5,2984.8,2665,319.8
769,P-2026-05-0383,SKU-CXG-PAD,459,6.5,5.1,2983.5,2340.9,642.6
770,P-2026-05-0384,SKU-CXM-CUS,6420,5.2,4.05,33384,26001,7383
771,P-2026-05-0384,SKU-CXM-CUS,6420,5.2,4.05,33384,26001,7383
772,P-2026-05-0384,SKU-CXM-CUS,6421,5.2,4.05,33389.2,26005.05,7384.15
773,P-2026-05-0385,SKU-CXM-PAD,10435,4.2,3.4,43827,35479,8348
774,P-2026-05-0385,SKU-CXM-PAD,10436,4.2,3.4,43831.2,35482.4,8348.8
775,P-2026-05-0386,SKU-CXG-PAD,933,6.5,5.1,6064.5,4758.3,1306.2
776,P-2026-05-0386,SKU-CXP-PAD,2166,2.8,2.5,6064.8,5415,649.8
777,P-2026-05-0387,SKU-CXP-PAD,1642,2.8,2.5,4597.6,4105,492.6
778,P-2026-05-0387,SKU-CXP-PAD,1642,2.8,2.5,4597.6,4105,492.6
779,P-2026-05-0387,SKU-CXP-PAD,1642,2.8,2.5,4597.6,4105,492.6
780,P-2026-05-0388,SKU-CXP-CUS,4034,3.4,2.85,13715.6,11496.9,2218.7
781,P-2026-05-0388,SKU-CXP-CUS,4034,3.4,2.85,13715.6,11496.9,2218.7
782,P-2026-05-0389,SKU-CXM-CUS,1396,5.2,4.05,7259.2,5653.8,1605.4
783,P-2026-05-0389,SKU-CXP-CUS,2136,3.4,2.85,7262.4,6087.6,1174.8
784,P-2026-05-0390,SKU-CXM-PAD,1126,4.2,3.4,4729.2,3828.4,900.8
785,P-2026-05-0391,SKU-CXP-PAD,46303,2.8,2.5,129648.4,115757.5,13890.9
786,P-2026-05-0392,SKU-CXM-PRE,2074,6.8,5.1,14103.2,10577.4,3525.8
787,P-2026-05-0393,SKU-CXM-CUS,730,5.2,4.05,3796,2956.5,839.5
788,P-2026-05-0393,SKU-CXM-CUS,729,5.2,4.05,3790.8,2952.45,838.35
789,P-2026-05-0393,SKU-CXP-CUS,1116,3.4,2.85,3794.4,3180.6,613.8
790,P-2026-05-0394,SKU-CXP-PAD,3547,2.8,2.5,9931.6,8867.5,1064.1
791,P-2026-05-0395,SKU-CXP-PAD,3097,2.8,2.5,8671.6,7742.5,929.1
792,P-2026-05-0395,SKU-CXP-PAD,3097,2.8,2.5,8671.6,7742.5,929.1
793,P-2026-05-0396,SKU-CXM-CUS,1179,5.2,4.05,6130.8,4774.95,1355.85
794,P-2026-05-0397,SKU-CXP-PAD,789,2.8,2.5,2209.2,1972.5,236.7
795,P-2026-05-0397,SKU-CXG-PAD,340,6.5,5.1,2210,1734,476
796,P-2026-05-0397,SKU-CXM-PAD,527,4.2,3.4,2213.4,1791.8,421.6
797,P-2026-05-0398,SKU-CXP-PAD,9302,2.8,2.5,26045.6,23255,2790.6
798,P-2026-05-0399,SKU-CXG-PRE,8666,10.5,7.8,90993,67594.8,23398.2
799,P-2026-05-0399,SKU-CXM-PRE,13382,6.8,5.1,90997.6,68248.2,22749.4
800,P-2026-05-0400,SKU-CXG-PAD,412,6.5,5.1,2678,2101.2,576.8
801,P-2026-05-0401,SKU-CXG-PAD,766,6.5,5.1,4979,3906.6,1072.4
802,P-2026-05-0401,SKU-CXP-PAD,1778,2.8,2.5,4978.4,4445,533.4
803,P-2026-05-0401,SKU-CXP-PAD,1778,2.8,2.5,4978.4,4445,533.4
804,P-2026-05-0402,SKU-CXP-PAD,8505,2.8,2.5,23814,21262.5,2551.5
805,P-2026-05-0403,SKU-CXP-PRE,1983,4.2,3.3,8328.6,6543.9,1784.7
806,P-2026-05-0403,SKU-CXP-PRE,1984,4.2,3.3,8332.8,6547.2,1785.6
807,P-2026-05-0403,SKU-CXG-PRE,793,10.5,7.8,8326.5,6185.4,2141.1
808,P-2026-05-0404,SKU-CXM-CUS,1345,5.2,4.05,6994,5447.25,1546.75
809,P-2026-05-0405,SKU-CXP-PAD,2802,2.8,2.5,7845.6,7005,840.6
810,P-2026-05-0405,SKU-CXP-PAD,2802,2.8,2.5,7845.6,7005,840.6
811,P-2026-05-0406,SKU-CXP-CUS,2606,3.4,2.85,8860.4,7427.1,1433.3
812,P-2026-05-0406,SKU-CXM-CUS,1704,5.2,4.05,8860.8,6901.2,1959.6
813,P-2026-05-0407,SKU-CXM-CUS,288,5.2,4.05,1497.6,1166.4,331.2
814,P-2026-05-0407,SKU-CXG-CUS,183,8.2,6.2,1500.6,1134.6,366
815,P-2026-05-0407,SKU-CXP-CUS,440,3.4,2.85,1496,1254,242
816,P-2026-05-0408,SKU-CXP-PAD,916,2.8,2.5,2564.8,2290,274.8
817,P-2026-05-0408,SKU-CXM-PAD,611,4.2,3.4,2566.2,2077.4,488.8
818,P-2026-05-0408,SKU-CXP-PAD,916,2.8,2.5,2564.8,2290,274.8
819,P-2026-05-0409,SKU-CXP-CUS,592,3.4,2.85,2012.8,1687.2,325.6
820,P-2026-05-0409,SKU-CXP-CUS,592,3.4,2.85,2012.8,1687.2,325.6
821,P-2026-05-0409,SKU-CXP-CUS,593,3.4,2.85,2016.2,1690.05,326.15
822,P-2026-05-0410,SKU-CXP-PAD,1154,2.8,2.5,3231.2,2885,346.2
823,P-2026-05-0410,SKU-CXP-PAD,1155,2.8,2.5,3234,2887.5,346.5
824,P-2026-05-0411,SKU-CXP-PAD,1221,2.8,2.5,3418.8,3052.5,366.3
825,P-2026-05-0411,SKU-CXP-PAD,1221,2.8,2.5,3418.8,3052.5,366.3
826,P-2026-05-0411,SKU-CXP-PAD,1220,2.8,2.5,3416,3050,366
827,P-2026-05-0412,SKU-CXG-CUS,15234,8.2,6.2,124918.8,94450.8,30468
828,P-2026-05-0413,SKU-CXM-CUS,2593,5.2,4.05,13483.6,10501.65,2981.95
829,P-2026-05-0413,SKU-CXP-CUS,3967,3.4,2.85,13487.8,11305.95,2181.85
830,P-2026-05-0413,SKU-CXP-CUS,3966,3.4,2.85,13484.4,11303.1,2181.3
831,P-2026-05-0414,SKU-CXP-PAD,3160,2.8,2.5,8848,7900,948
832,P-2026-05-0415,SKU-CXP-PAD,416,2.8,2.5,1164.8,1040,124.8
833,P-2026-05-0415,SKU-CXM-PAD,277,4.2,3.4,1163.4,941.8,221.6
834,P-2026-05-0415,SKU-CXP-PAD,417,2.8,2.5,1167.6,1042.5,125.1
835,P-2026-05-0416,SKU-CXP-PAD,3644,2.8,2.5,10203.2,9110,1093.2
836,P-2026-05-0417,SKU-CXP-PAD,957,2.8,2.5,2679.6,2392.5,287.1
837,P-2026-05-0417,SKU-CXG-PAD,412,6.5,5.1,2678,2101.2,576.8
838,P-2026-05-0418,SKU-CXG-PAD,949,6.5,5.1,6168.5,4839.9,1328.6
839,P-2026-05-0419,SKU-CXG-PAD,262,6.5,5.1,1703,1336.2,366.8
840,P-2026-05-0419,SKU-CXP-PAD,608,2.8,2.5,1702.4,1520,182.4
841,P-2026-05-0419,SKU-CXP-PAD,608,2.8,2.5,1702.4,1520,182.4
842,P-2026-05-0420,SKU-CXG-PAD,1910,6.5,5.1,12415,9741,2674
843,P-2026-05-0420,SKU-CXG-PAD,1911,6.5,5.1,12421.5,9746.1,2675.4
844,P-2026-05-0421,SKU-CXP-PAD,1336,2.8,2.5,3740.8,3340,400.8
845,P-2026-05-0421,SKU-CXM-PAD,891,4.2,3.4,3742.2,3029.4,712.8
846,P-2026-05-0422,SKU-CXM-PAD,1949,4.2,3.4,8185.8,6626.6,1559.2
847,P-2026-05-0423,SKU-CXM-PRE,1099,6.8,5.1,7473.2,5604.9,1868.3
848,P-2026-05-0424,SKU-CXP-PAD,720,2.8,2.5,2016,1800,216
849,P-2026-05-0424,SKU-CXM-PAD,480,4.2,3.4,2016,1632,384
850,P-2026-05-0424,SKU-CXP-PAD,719,2.8,2.5,2013.2,1797.5,215.7
851,P-2026-06-0425,SKU-CXP-PRE,21345,4.2,3.3,89649,70438.5,19210.5
852,P-2026-06-0426,SKU-CXM-CUS,655,5.2,4.05,3406,2652.75,753.25
853,P-2026-06-0426,SKU-CXP-CUS,1003,3.4,2.85,3410.2,2858.55,551.65
854,P-2026-06-0427,SKU-CXP-PAD,2681,2.8,2.5,7506.8,6702.5,804.3
855,P-2026-06-0427,SKU-CXP-PAD,2681,2.8,2.5,7506.8,6702.5,804.3
856,P-2026-06-0427,SKU-CXG-PAD,1155,6.5,5.1,7507.5,5890.5,1617
857,P-2026-06-0428,SKU-CXP-PAD,6573,2.8,2.5,18404.4,16432.5,1971.9
858,P-2026-06-0429,SKU-CXP-PAD,2688,2.8,2.5,7526.4,6720,806.4
859,P-2026-06-0429,SKU-CXP-PAD,2689,2.8,2.5,7529.2,6722.5,806.7
860,P-2026-06-0429,SKU-CXG-PAD,1158,6.5,5.1,7527,5905.8,1621.2
861,P-2026-06-0430,SKU-CXP-PAD,2092,2.8,2.5,5857.6,5230,627.6
862,P-2026-06-0431,SKU-CXG-PAD,229,6.5,5.1,1488.5,1167.9,320.6
863,P-2026-06-0431,SKU-CXP-PAD,533,2.8,2.5,1492.4,1332.5,159.9
864,P-2026-06-0431,SKU-CXP-PAD,533,2.8,2.5,1492.4,1332.5,159.9
865,P-2026-06-0432,SKU-CXP-CUS,640,3.4,2.85,2176,1824,352
866,P-2026-06-0432,SKU-CXP-CUS,641,3.4,2.85,2179.4,1826.85,352.55
867,P-2026-06-0432,SKU-CXP-CUS,640,3.4,2.85,2176,1824,352
868,P-2026-06-0433,SKU-CXG-PAD,423,6.5,5.1,2749.5,2157.3,592.2
869,P-2026-06-0434,SKU-CXP-PRE,1753,4.2,3.3,7362.6,5784.9,1577.7
870,P-2026-06-0434,SKU-CXP-PRE,1754,4.2,3.3,7366.8,5788.2,1578.6
871,P-2026-06-0434,SKU-CXG-PRE,701,10.5,7.8,7360.5,5467.8,1892.7
872,P-2026-06-0435,SKU-CXP-CUS,1684,3.4,2.85,5725.6,4799.4,926.2
873,P-2026-06-0435,SKU-CXP-CUS,1685,3.4,2.85,5729,4802.25,926.75
874,P-2026-06-0436,SKU-CXG-PRE,289,10.5,7.8,3034.5,2254.2,780.3
875,P-2026-06-0436,SKU-CXP-PRE,723,4.2,3.3,3036.6,2385.9,650.7
876,P-2026-06-0437,SKU-CXP-PAD,3006,2.8,2.5,8416.8,7515,901.8
877,P-2026-06-0438,SKU-CXP-PAD,791,2.8,2.5,2214.8,1977.5,237.3
878,P-2026-06-0439,SKU-CXP-PAD,1142,2.8,2.5,3197.6,2855,342.6
879,P-2026-06-0439,SKU-CXM-PAD,761,4.2,3.4,3196.2,2587.4,608.8
880,P-2026-06-0440,SKU-CXG-PAD,1321,6.5,5.1,8586.5,6737.1,1849.4
881,P-2026-06-0440,SKU-CXP-PAD,3065,2.8,2.5,8582,7662.5,919.5
882,P-2026-06-0441,SKU-CXP-PAD,3666,2.8,2.5,10264.8,9165,1099.8
883,P-2026-06-0441,SKU-CXG-PAD,1579,6.5,5.1,10263.5,8052.9,2210.6
884,P-2026-06-0442,SKU-CXP-CUS,1833,3.4,2.85,6232.2,5224.05,1008.15
885,P-2026-06-0442,SKU-CXP-CUS,1832,3.4,2.85,6228.8,5221.2,1007.6
886,P-2026-06-0443,SKU-CXP-CUS,3231,3.4,2.85,10985.4,9208.35,1777.05
887,P-2026-06-0443,SKU-CXM-CUS,2112,5.2,4.05,10982.4,8553.6,2428.8
888,P-2026-06-0443,SKU-CXM-CUS,2113,5.2,4.05,10987.6,8557.65,2429.95
889,P-2026-06-0444,SKU-CXG-PAD,856,6.5,5.1,5564,4365.6,1198.4
890,P-2026-06-0444,SKU-CXG-PAD,856,6.5,5.1,5564,4365.6,1198.4
891,P-2026-06-0444,SKU-CXG-PAD,857,6.5,5.1,5570.5,4370.7,1199.8
892,P-2026-06-0445,SKU-CXP-PAD,5516,2.8,2.5,15444.8,13790,1654.8
893,P-2026-06-0445,SKU-CXP-PAD,5516,2.8,2.5,15444.8,13790,1654.8
894,P-2026-06-0445,SKU-CXP-PAD,5517,2.8,2.5,15447.6,13792.5,1655.1
895,P-2026-06-0446,SKU-CXM-CUS,2701,5.2,4.05,14045.2,10939.05,3106.15
896,P-2026-06-0447,SKU-CXP-CUS,4268,3.4,2.85,14511.2,12163.8,2347.4
897,P-2026-06-0447,SKU-CXP-CUS,4268,3.4,2.85,14511.2,12163.8,2347.4
898,P-2026-06-0447,SKU-CXG-CUS,1770,8.2,6.2,14514,10974,3540
899,P-2026-06-0448,SKU-CXM-PAD,211,4.2,3.4,886.2,717.4,168.8
900,P-2026-06-0448,SKU-CXG-PAD,137,6.5,5.1,890.5,698.7,191.8
901,P-2026-06-0448,SKU-CXP-PAD,316,2.8,2.5,884.8,790,94.8
902,P-2026-06-0449,SKU-CXP-CUS,2821,3.4,2.85,9591.4,8039.85,1551.55
903,P-2026-06-0450,SKU-CXG-PAD,552,6.5,5.1,3588,2815.2,772.8
904,P-2026-06-0450,SKU-CXM-PAD,854,4.2,3.4,3586.8,2903.6,683.2
905,P-2026-06-0450,SKU-CXM-PAD,854,4.2,3.4,3586.8,2903.6,683.2
906,P-2026-06-0451,SKU-CXG-PAD,500,6.5,5.1,3250,2550,700
907,P-2026-06-0451,SKU-CXG-PAD,500,6.5,5.1,3250,2550,700
908,P-2026-06-0451,SKU-CXM-PAD,774,4.2,3.4,3250.8,2631.6,619.2
909,P-2026-06-0452,SKU-CXP-PAD,2934,2.8,2.5,8215.2,7335,880.2
910,P-2026-06-0452,SKU-CXM-PAD,1956,4.2,3.4,8215.2,6650.4,1564.8
911,P-2026-06-0452,SKU-CXM-PAD,1957,4.2,3.4,8219.4,6653.8,1565.6
912,P-2026-06-0453,SKU-CXM-CUS,65550,5.2,4.05,340860,265477.5,75382.5
913,P-2026-06-0454,SKU-CXM-PAD,11869,4.2,3.4,49849.8,40354.6,9495.2
914,P-2026-06-0454,SKU-CXP-PAD,17803,2.8,2.5,49848.4,44507.5,5340.9
915,P-2026-06-0454,SKU-CXG-PAD,7669,6.5,5.1,49848.5,39111.9,10736.6
916,P-2026-06-0455,SKU-CXG-PAD,1839,6.5,5.1,11953.5,9378.9,2574.6
917,P-2026-06-0455,SKU-CXM-PAD,2845,4.2,3.4,11949,9673,2276
918,P-2026-06-0455,SKU-CXM-PAD,2846,4.2,3.4,11953.2,9676.4,2276.8
919,P-2026-06-0456,SKU-CXG-PAD,9847,6.5,5.1,64005.5,50219.7,13785.8
920,P-2026-06-0457,SKU-CXP-PRE,7232,4.2,3.3,30374.4,23865.6,6508.8
921,P-2026-06-0458,SKU-CXP-PAD,611,2.8,2.5,1710.8,1527.5,183.3
922,P-2026-06-0458,SKU-CXG-PAD,263,6.5,5.1,1709.5,1341.3,368.2
923,P-2026-06-0459,SKU-CXG-PAD,1952,6.5,5.1,12688,9955.2,2732.8
924,P-2026-06-0459,SKU-CXP-PAD,4534,2.8,2.5,12695.2,11335,1360.2
925,P-2026-06-0460,SKU-CXM-PAD,1113,4.2,3.4,4674.6,3784.2,890.4
926,P-2026-06-0460,SKU-CXG-PAD,719,6.5,5.1,4673.5,3666.9,1006.6
927,P-2026-06-0461,SKU-CXM-PAD,8454,4.2,3.4,35506.8,28743.6,6763.2
928,P-2026-06-0462,SKU-CXP-PAD,6343,2.8,2.5,17760.4,15857.5,1902.9
929,P-2026-06-0462,SKU-CXP-PAD,6343,2.8,2.5,17760.4,15857.5,1902.9
930,P-2026-06-0463,SKU-CXM-CUS,879,5.2,4.05,4570.8,3559.95,1010.85
931,P-2026-06-0464,SKU-CXP-PAD,1697,2.8,2.5,4751.6,4242.5,509.1
932,P-2026-06-0464,SKU-CXG-PAD,731,6.5,5.1,4751.5,3728.1,1023.4
933,P-2026-06-0464,SKU-CXP-PAD,1696,2.8,2.5,4748.8,4240,508.8
934,P-2026-06-0465,SKU-CXP-PAD,629,2.8,2.5,1761.2,1572.5,188.7
935,P-2026-06-0465,SKU-CXM-PAD,419,4.2,3.4,1759.8,1424.6,335.2
936,P-2026-06-0465,SKU-CXP-PAD,630,2.8,2.5,1764,1575,189
937,P-2026-06-0466,SKU-CXG-CUS,77251,8.2,6.2,633458.2,478956.2,154502
938,P-2026-06-0467,SKU-CXP-CUS,21713,3.4,2.85,73824.2,61882.05,11942.15
939,P-2026-06-0467,SKU-CXP-CUS,21712,3.4,2.85,73820.8,61879.2,11941.6
940,P-2026-06-0467,SKU-CXM-CUS,14197,5.2,4.05,73824.4,57497.85,16326.55
941,P-2026-06-0468,SKU-CXP-PAD,37172,2.8,2.5,104081.6,92930,11151.6
942,P-2026-06-0468,SKU-CXG-PAD,16013,6.5,5.1,104084.5,81666.3,22418.2
943,P-2026-06-0469,SKU-CXM-PAD,1551,4.2,3.4,6514.2,5273.4,1240.8
944,P-2026-06-0469,SKU-CXM-PAD,1550,4.2,3.4,6510,5270,1240
945,P-2026-06-0469,SKU-CXM-PAD,1551,4.2,3.4,6514.2,5273.4,1240.8
946,P-2026-06-0470,SKU-CXG-PAD,2804,6.5,5.1,18226,14300.4,3925.6
947,P-2026-06-0471,SKU-CXP-PAD,1914,2.8,2.5,5359.2,4785,574.2
948,P-2026-06-0472,SKU-CXM-PRE,1539,6.8,5.1,10465.2,7848.9,2616.3
949,P-2026-06-0472,SKU-CXM-PRE,1539,6.8,5.1,10465.2,7848.9,2616.3
950,P-2026-06-0473,SKU-CXG-PAD,1143,6.5,5.1,7429.5,5829.3,1600.2
951,P-2026-06-0473,SKU-CXM-PAD,1770,4.2,3.4,7434,6018,1416
952,P-2026-06-0473,SKU-CXP-PAD,2654,2.8,2.5,7431.2,6635,796.2
953,P-2026-06-0474,SKU-CXM-PAD,11184,4.2,3.4,46972.8,38025.6,8947.2
954,P-2026-06-0475,SKU-CXM-PAD,650,4.2,3.4,2730,2210,520
955,P-2026-06-0475,SKU-CXP-PAD,975,2.8,2.5,2730,2437.5,292.5
956,P-2026-06-0475,SKU-CXG-PAD,420,6.5,5.1,2730,2142,588
957,P-2026-06-0476,SKU-CXM-CUS,2111,5.2,4.05,10977.2,8549.55,2427.65
958,P-2026-06-0476,SKU-CXM-CUS,2111,5.2,4.05,10977.2,8549.55,2427.65
959,P-2026-06-0476,SKU-CXP-CUS,3230,3.4,2.85,10982,9205.5,1776.5
960,P-2026-06-0477,SKU-CXM-CUS,22128,5.2,4.05,115065.6,89618.4,25447.2
961,P-2026-06-0478,SKU-CXP-PAD,5039,2.8,2.5,14109.2,12597.5,1511.7
962,P-2026-06-0479,SKU-CXP-PAD,9675,2.8,2.5,27090,24187.5,2902.5
963,P-2026-06-0480,SKU-CXP-PAD,1661,2.8,2.5,4650.8,4152.5,498.3
964,P-2026-06-0480,SKU-CXM-PAD,1107,4.2,3.4,4649.4,3763.8,885.6
965,P-2026-06-0480,SKU-CXP-PAD,1660,2.8,2.5,4648,4150,498
966,P-2026-06-0481,SKU-CXP-PAD,3713,2.8,2.5,10396.4,9282.5,1113.9
967,P-2026-06-0481,SKU-CXG-PAD,1599,6.5,5.1,10393.5,8154.9,2238.6
968,P-2026-06-0482,SKU-CXP-PAD,1886,2.8,2.5,5280.8,4715,565.8
969,P-2026-06-0483,SKU-CXP-PAD,2265,2.8,2.5,6342,5662.5,679.5
970,P-2026-06-0483,SKU-CXM-PAD,1510,4.2,3.4,6342,5134,1208
971,P-2026-06-0483,SKU-CXP-PAD,2266,2.8,2.5,6344.8,5665,679.8
972,P-2026-06-0484,SKU-CXG-PAD,373,6.5,5.1,2424.5,1902.3,522.2
973,P-2026-06-0484,SKU-CXP-PAD,868,2.8,2.5,2430.4,2170,260.4
974,P-2026-06-0485,SKU-CXP-PAD,811,2.8,2.5,2270.8,2027.5,243.3
975,P-2026-06-0485,SKU-CXM-PAD,541,4.2,3.4,2272.2,1839.4,432.8
976,P-2026-06-0486,SKU-CXP-CUS,4313,3.4,2.85,14664.2,12292.05,2372.15
977,P-2026-06-0486,SKU-CXP-CUS,4312,3.4,2.85,14660.8,12289.2,2371.6
978,P-2026-06-0487,SKU-CXP-PAD,311,2.8,2.5,870.8,777.5,93.3
979,P-2026-06-0487,SKU-CXP-PAD,310,2.8,2.5,868,775,93
980,P-2026-06-0488,SKU-CXG-CUS,21984,8.2,6.2,180268.8,136300.8,43968
981,P-2026-06-0489,SKU-CXM-PAD,9183,4.2,3.4,38568.6,31222.2,7346.4
982,P-2026-06-0489,SKU-CXG-PAD,5933,6.5,5.1,38564.5,30258.3,8306.2
983,P-2026-06-0489,SKU-CXG-PAD,5934,6.5,5.1,38571,30263.4,8307.6
984,P-2026-06-0490,SKU-CXM-PAD,157,4.2,3.4,659.4,533.8,125.6
985,P-2026-06-0490,SKU-CXG-PAD,101,6.5,5.1,656.5,515.1,141.4
986,P-2026-06-0490,SKU-CXM-PAD,156,4.2,3.4,655.2,530.4,124.8
987,P-2026-06-0491,SKU-CXM-PAD,588,4.2,3.4,2469.6,1999.2,470.4
988,P-2026-06-0491,SKU-CXG-PAD,380,6.5,5.1,2470,1938,532
989,P-2026-06-0492,SKU-CXP-PAD,3728,2.8,2.5,10438.4,9320,1118.4
990,P-2026-06-0493,SKU-CXP-PAD,5671,2.8,2.5,15878.8,14177.5,1701.3
991,P-2026-06-0494,SKU-CXG-PAD,2081,6.5,5.1,13526.5,10613.1,2913.4
992,P-2026-06-0494,SKU-CXM-PAD,3221,4.2,3.4,13528.2,10951.4,2576.8
993,P-2026-06-0494,SKU-CXM-PAD,3222,4.2,3.4,13532.4,10954.8,2577.6
994,P-2026-06-0495,SKU-CXM-CUS,9059,5.2,4.05,47106.8,36688.95,10417.85
995,P-2026-06-0495,SKU-CXP-CUS,13855,3.4,2.85,47107,39486.75,7620.25
996,P-2026-06-0495,SKU-CXP-CUS,13855,3.4,2.85,47107,39486.75,7620.25
997,P-2026-06-0496,SKU-CXP-CUS,38209,3.4,2.85,129910.6,108895.65,21014.95
998,P-2026-06-0497,SKU-CXG-PAD,1110,6.5,5.1,7215,5661,1554
999,P-2026-06-0498,SKU-CXG-PAD,1169,6.5,5.1,7598.5,5961.9,1636.6
1000,P-2026-06-0498,SKU-CXG-PAD,1169,6.5,5.1,7598.5,5961.9,1636.6
1001,P-2026-06-0499,SKU-CXP-PAD,1775,2.8,2.5,4970,4437.5,532.5
1002,P-2026-06-0499,SKU-CXG-PAD,764,6.5,5.1,4966,3896.4,1069.6
1003,P-2026-06-0499,SKU-CXG-PAD,765,6.5,5.1,4972.5,3901.5,1071
1004,P-2026-06-0500,SKU-CXP-PAD,2101,2.8,2.5,5882.8,5252.5,630.3
1005,P-2026-06-0500,SKU-CXP-PAD,2101,2.8,2.5,5882.8,5252.5,630.3
1006,P-2026-06-0500,SKU-CXM-PAD,1401,4.2,3.4,5884.2,4763.4,1120.8
1007,P-2026-06-0501,SKU-CXM-CUS,1088,5.2,4.05,5657.6,4406.4,1251.2
1008,P-2026-06-0501,SKU-CXM-CUS,1089,5.2,4.05,5662.8,4410.45,1252.35
1009,P-2026-06-0502,SKU-CXP-PAD,2299,2.8,2.5,6437.2,5747.5,689.7
1010,P-2026-06-0503,SKU-CXP-PRE,11630,4.2,3.3,48846,38379,10467
1011,P-2026-06-0504,SKU-CXM-CUS,11074,5.2,4.05,57584.8,44849.7,12735.1
1012,P-2026-06-0504,SKU-CXP-CUS,16937,3.4,2.85,57585.8,48270.45,9315.35
1013,P-2026-06-0505,SKU-CXM-PAD,5360,4.2,3.4,22512,18224,4288
1014,P-2026-06-0506,SKU-CXG-PAD,928,6.5,5.1,6032,4732.8,1299.2
1015,P-2026-06-0506,SKU-CXP-PAD,2156,2.8,2.5,6036.8,5390,646.8
1016,P-2026-06-0506,SKU-CXP-PAD,2155,2.8,2.5,6034,5387.5,646.5
1017,P-2026-06-0507,SKU-CXM-PAD,671,4.2,3.4,2818.2,2281.4,536.8
1018,P-2026-06-0507,SKU-CXM-PAD,671,4.2,3.4,2818.2,2281.4,536.8
1019,P-2026-06-0508,SKU-CXM-PAD,551,4.2,3.4,2314.2,1873.4,440.8
1020,P-2026-06-0508,SKU-CXP-PAD,827,2.8,2.5,2315.6,2067.5,248.1
1021,P-2026-06-0508,SKU-CXG-PAD,356,6.5,5.1,2314,1815.6,498.4
1022,P-2026-06-0509,SKU-CXM-PAD,2666,4.2,3.4,11197.2,9064.4,2132.8
1023,P-2026-06-0509,SKU-CXP-PAD,4000,2.8,2.5,11200,10000,1200
1024,P-2026-06-0510,SKU-CXP-PAD,2029,2.8,2.5,5681.2,5072.5,608.7
1025,P-2026-06-0510,SKU-CXP-PAD,2029,2.8,2.5,5681.2,5072.5,608.7
1026,P-2026-06-0510,SKU-CXP-PAD,2028,2.8,2.5,5678.4,5070,608.4
1027,P-2026-06-0511,SKU-CXP-PAD,1548,2.8,2.5,4334.4,3870,464.4
1028,P-2026-06-0511,SKU-CXP-PAD,1549,2.8,2.5,4337.2,3872.5,464.7
1029,P-2026-06-0511,SKU-CXP-PAD,1548,2.8,2.5,4334.4,3870,464.4
1030,P-2026-06-0512,SKU-CXM-PAD,1797,4.2,3.4,7547.4,6109.8,1437.6
1031,P-2026-06-0512,SKU-CXP-PAD,2694,2.8,2.5,7543.2,6735,808.2
1032,P-2026-06-0512,SKU-CXP-PAD,2695,2.8,2.5,7546,6737.5,808.5
1033,P-2026-06-0513,SKU-CXG-PAD,215,6.5,5.1,1397.5,1096.5,301
1034,P-2026-06-0513,SKU-CXM-PAD,333,4.2,3.4,1398.6,1132.2,266.4
1035,P-2026-06-0513,SKU-CXM-PAD,332,4.2,3.4,1394.4,1128.8,265.6
1036,P-2026-06-0514,SKU-CXM-CUS,1001,5.2,4.05,5205.2,4054.05,1151.15
1037,P-2026-06-0514,SKU-CXP-CUS,1531,3.4,2.85,5205.4,4363.35,842.05
1038,P-2026-06-0515,SKU-CXP-PAD,1128,2.8,2.5,3158.4,2820,338.4
1039,P-2026-06-0516,SKU-CXM-PAD,13317,4.2,3.4,55931.4,45277.8,10653.6
1040,P-2026-06-0516,SKU-CXM-PAD,13317,4.2,3.4,55931.4,45277.8,10653.6
1041,P-2026-06-0516,SKU-CXP-PAD,19975,2.8,2.5,55930,49937.5,5992.5
1042,P-2026-06-0517,SKU-CXP-PAD,9481,2.8,2.5,26546.8,23702.5,2844.3
1043,P-2026-06-0517,SKU-CXM-PAD,6321,4.2,3.4,26548.2,21491.4,5056.8
1044,P-2026-06-0517,SKU-CXM-PAD,6321,4.2,3.4,26548.2,21491.4,5056.8
1045,P-2026-06-0518,SKU-CXM-CUS,7404,5.2,4.05,38500.8,29986.2,8514.6
1046,P-2026-06-0518,SKU-CXP-CUS,11324,3.4,2.85,38501.6,32273.4,6228.2
1047,P-2026-06-0518,SKU-CXP-CUS,11325,3.4,2.85,38505,32276.25,6228.75
1048,P-2026-06-0519,SKU-CXM-PAD,12242,4.2,3.4,51416.4,41622.8,9793.6
1049,P-2026-06-0520,SKU-CXP-PAD,1703,2.8,2.5,4768.4,4257.5,510.9
1050,P-2026-06-0521,SKU-CXP-PAD,1342,2.8,2.5,3757.6,3355,402.6
1051,P-2026-06-0521,SKU-CXP-PAD,1343,2.8,2.5,3760.4,3357.5,402.9
1052,P-2026-06-0522,SKU-CXM-PAD,393,4.2,3.4,1650.6,1336.2,314.4
1053,P-2026-06-0522,SKU-CXP-PAD,589,2.8,2.5,1649.2,1472.5,176.7
1054,P-2026-06-0523,SKU-CXG-PAD,531,6.5,5.1,3451.5,2708.1,743.4
1055,P-2026-06-0523,SKU-CXM-PAD,823,4.2,3.4,3456.6,2798.2,658.4
1056,P-2026-06-0524,SKU-CXP-PAD,3054,2.8,2.5,8551.2,7635,916.2
1057,P-2026-06-0525,SKU-CXP-PAD,3370,2.8,2.5,9436,8425,1011
1058,P-2026-06-0525,SKU-CXG-PAD,1451,6.5,5.1,9431.5,7400.1,2031.4
1059,P-2026-06-0526,SKU-CXP-PAD,1182,2.8,2.5,3309.6,2955,354.6
1060,P-2026-06-0526,SKU-CXG-PAD,509,6.5,5.1,3308.5,2595.9,712.6
1061,P-2026-06-0526,SKU-CXP-PAD,1181,2.8,2.5,3306.8,2952.5,354.3
1062,P-2026-06-0527,SKU-CXM-PAD,874,4.2,3.4,3670.8,2971.6,699.2
1063,P-2026-06-0528,SKU-CXP-CUS,1038,3.4,2.85,3529.2,2958.3,570.9
1064,P-2026-06-0528,SKU-CXP-CUS,1038,3.4,2.85,3529.2,2958.3,570.9
1065,P-2026-06-0528,SKU-CXG-CUS,430,8.2,6.2,3526,2666,860
1066,P-2026-06-0529,SKU-CXP-PAD,4706,2.8,2.5,13176.8,11765,1411.8
1067,P-2026-06-0530,SKU-CXM-PAD,8623,4.2,3.4,36216.6,29318.2,6898.4
1068,P-2026-06-0530,SKU-CXM-PAD,8623,4.2,3.4,36216.6,29318.2,6898.4
1069,P-2026-06-0530,SKU-CXM-PAD,8622,4.2,3.4,36212.4,29314.8,6897.6
1070,P-2026-06-0531,SKU-CXG-PAD,20829,6.5,5.1,135388.5,106227.9,29160.6
1071,P-2026-06-0532,SKU-CXP-PAD,2677,2.8,2.5,7495.6,6692.5,803.1
1072,P-2026-06-0532,SKU-CXM-PAD,1785,4.2,3.4,7497,6069,1428
1073,P-2026-06-0533,SKU-CXP-PRE,1757,4.2,3.3,7379.4,5798.1,1581.3
1074,P-2026-06-0534,SKU-CXG-PAD,799,6.5,5.1,5193.5,4074.9,1118.6
1075,P-2026-06-0534,SKU-CXG-PAD,798,6.5,5.1,5187,4069.8,1117.2
1076,P-2026-06-0534,SKU-CXP-PAD,1854,2.8,2.5,5191.2,4635,556.2
1077,P-2026-06-0535,SKU-CXP-PAD,3924,2.8,2.5,10987.2,9810,1177.2
1078,P-2026-06-0536,SKU-CXP-CUS,14852,3.4,2.85,50496.8,42328.2,8168.6
1079,P-2026-06-0536,SKU-CXP-CUS,14852,3.4,2.85,50496.8,42328.2,8168.6
1080,P-2026-06-0537,SKU-CXM-PAD,774,4.2,3.4,3250.8,2631.6,619.2
1081,P-2026-06-0538,SKU-CXP-CUS,1706,3.4,2.85,5800.4,4862.1,938.3
1082,P-2026-06-0539,SKU-CXG-PRE,656,10.5,7.8,6888,5116.8,1771.2
1083,P-2026-06-0539,SKU-CXP-PRE,1639,4.2,3.3,6883.8,5408.7,1475.1
1084,P-2026-06-0540,SKU-CXM-PAD,724,4.2,3.4,3040.8,2461.6,579.2
1085,P-2026-06-0541,SKU-CXM-PAD,1328,4.2,3.4,5577.6,4515.2,1062.4
1086,P-2026-06-0541,SKU-CXG-PAD,858,6.5,5.1,5577,4375.8,1201.2
1087,P-2026-06-0542,SKU-CXG-PAD,256,6.5,5.1,1664,1305.6,358.4
1088,P-2026-06-0543,SKU-CXM-CUS,297,5.2,4.05,1544.4,1202.85,341.55
1089,P-2026-06-0543,SKU-CXP-CUS,453,3.4,2.85,1540.2,1291.05,249.15
1090,P-2026-06-0543,SKU-CXP-CUS,454,3.4,2.85,1543.6,1293.9,249.7
1091,P-2026-06-0544,SKU-CXP-PAD,353,2.8,2.5,988.4,882.5,105.9
1092,P-2026-06-0544,SKU-CXM-PAD,236,4.2,3.4,991.2,802.4,188.8
1093,P-2026-06-0544,SKU-CXM-PAD,235,4.2,3.4,987,799,188
1094,P-2026-06-0545,SKU-CXP-PAD,720,2.8,2.5,2016,1800,216
1095,P-2026-06-0545,SKU-CXP-PAD,721,2.8,2.5,2018.8,1802.5,216.3
1096,P-2026-06-0546,SKU-CXP-CUS,10320,3.4,2.85,35088,29412,5676
1097,P-2026-06-0546,SKU-CXP-CUS,10320,3.4,2.85,35088,29412,5676
1098,P-2026-06-0546,SKU-CXM-CUS,6748,5.2,4.05,35089.6,27329.4,7760.2
1099,P-2026-06-0547,SKU-CXG-PAD,156,6.5,5.1,1014,795.6,218.4
1100,P-2026-06-0547,SKU-CXP-PAD,361,2.8,2.5,1010.8,902.5,108.3
1101,P-2026-06-0548,SKU-CXP-PAD,1404,2.8,2.5,3931.2,3510,421.2
1102,P-2026-06-0548,SKU-CXP-PAD,1404,2.8,2.5,3931.2,3510,421.2
1103,P-2026-06-0549,SKU-CXM-PAD,2245,4.2,3.4,9429,7633,1796
1104,P-2026-06-0550,SKU-CXP-PAD,2710,2.8,2.5,7588,6775,813
1105,P-2026-06-0550,SKU-CXP-PAD,2709,2.8,2.5,7585.2,6772.5,812.7
1106,P-2026-06-0551,SKU-CXM-PAD,1187,4.2,3.4,4985.4,4035.8,949.6
1107,P-2026-06-0551,SKU-CXP-PAD,1780,2.8,2.5,4984,4450,534
1108,P-2026-06-0551,SKU-CXM-PAD,1186,4.2,3.4,4981.2,4032.4,948.8
1109,P-2026-06-0552,SKU-CXM-PAD,2747,4.2,3.4,11537.4,9339.8,2197.6
1110,P-2026-06-0553,SKU-CXM-PAD,4363,4.2,3.4,18324.6,14834.2,3490.4
1111,P-2026-06-0554,SKU-CXP-PAD,9127,2.8,2.5,25555.6,22817.5,2738.1
1112,P-2026-06-0554,SKU-CXP-PAD,9127,2.8,2.5,25555.6,22817.5,2738.1
1113,P-2026-06-0555,SKU-CXG-CUS,1367,8.2,6.2,11209.4,8475.4,2734
1114,P-2026-06-0555,SKU-CXP-CUS,3298,3.4,2.85,11213.2,9399.3,1813.9
1115,P-2026-06-0555,SKU-CXP-CUS,3297,3.4,2.85,11209.8,9396.45,1813.35
1116,P-2026-06-0556,SKU-CXP-PAD,2302,2.8,2.5,6445.6,5755,690.6
1117,P-2026-06-0556,SKU-CXG-PAD,992,6.5,5.1,6448,5059.2,1388.8
1118,P-2026-06-0556,SKU-CXP-PAD,2301,2.8,2.5,6442.8,5752.5,690.3
1119,P-2026-06-0557,SKU-CXP-PAD,1410,2.8,2.5,3948,3525,423
1120,P-2026-06-0557,SKU-CXP-PAD,1411,2.8,2.5,3950.8,3527.5,423.3
1121,P-2026-06-0557,SKU-CXM-PAD,940,4.2,3.4,3948,3196,752
1122,P-2026-06-0558,SKU-CXM-PAD,2426,4.2,3.4,10189.2,8248.4,1940.8
1123,P-2026-06-0559,SKU-CXP-PAD,6444,2.8,2.5,18043.2,16110,1933.2
1124,P-2026-06-0559,SKU-CXM-PAD,4296,4.2,3.4,18043.2,14606.4,3436.8
1125,P-2026-06-0560,SKU-CXP-PAD,2766,2.8,2.5,7744.8,6915,829.8
1126,P-2026-06-0560,SKU-CXM-PAD,1844,4.2,3.4,7744.8,6269.6,1475.2
1127,P-2026-06-0561,SKU-CXM-PAD,3344,4.2,3.4,14044.8,11369.6,2675.2
1128,P-2026-06-0561,SKU-CXM-PAD,3344,4.2,3.4,14044.8,11369.6,2675.2
1129,P-2026-06-0562,SKU-CXM-CUS,44776,5.2,4.05,232835.2,181342.8,51492.4
1130,P-2026-06-0563,SKU-CXP-PAD,15235,2.8,2.5,42658,38087.5,4570.5
1131,P-2026-06-0563,SKU-CXG-PAD,6563,6.5,5.1,42659.5,33471.3,9188.2
1132,P-2026-06-0564,SKU-CXP-CUS,2366,3.4,2.85,8044.4,6743.1,1301.3
1133,P-2026-06-0565,SKU-CXG-PAD,630,6.5,5.1,4095,3213,882
1134,P-2026-06-0566,SKU-CXM-PAD,2801,4.2,3.4,11764.2,9523.4,2240.8
1135,P-2026-06-0567,SKU-CXP-PAD,347,2.8,2.5,971.6,867.5,104.1
1136,P-2026-06-0568,SKU-CXM-PAD,1363,4.2,3.4,5724.6,4634.2,1090.4
1137,P-2026-06-0568,SKU-CXG-PAD,880,6.5,5.1,5720,4488,1232
1138,P-2026-06-0569,SKU-CXM-PAD,2018,4.2,3.4,8475.6,6861.2,1614.4
1139,P-2026-06-0569,SKU-CXM-PAD,2018,4.2,3.4,8475.6,6861.2,1614.4
1140,P-2026-06-0569,SKU-CXM-PAD,2018,4.2,3.4,8475.6,6861.2,1614.4
1141,P-2026-06-0570,SKU-CXG-PAD,4006,6.5,5.1,26039,20430.6,5608.4
1142,P-2026-06-0570,SKU-CXP-PAD,9300,2.8,2.5,26040,23250,2790
1143,P-2026-06-0570,SKU-CXP-PAD,9301,2.8,2.5,26042.8,23252.5,2790.3
1144,P-2026-06-0571,SKU-CXP-CUS,1052,3.4,2.85,3576.8,2998.2,578.6
1145,P-2026-06-0571,SKU-CXG-CUS,436,8.2,6.2,3575.2,2703.2,872
1146,P-2026-06-0571,SKU-CXP-CUS,1052,3.4,2.85,3576.8,2998.2,578.6
1147,P-2026-06-0572,SKU-CXP-PAD,6710,2.8,2.5,18788,16775,2013
1148,P-2026-06-0573,SKU-CXP-PRE,693,4.2,3.3,2910.6,2286.9,623.7
1149,P-2026-06-0573,SKU-CXG-PRE,277,10.5,7.8,2908.5,2160.6,747.9
1150,P-2026-06-0573,SKU-CXP-PRE,693,4.2,3.3,2910.6,2286.9,623.7
1151,P-2026-06-0574,SKU-CXP-PAD,793,2.8,2.5,2220.4,1982.5,237.9
1152,P-2026-06-0574,SKU-CXM-PAD,529,4.2,3.4,2221.8,1798.6,423.2
1153,P-2026-06-0575,SKU-CXP-CUS,1708,3.4,2.85,5807.2,4867.8,939.4
1154,P-2026-06-0575,SKU-CXP-CUS,1708,3.4,2.85,5807.2,4867.8,939.4
1155,P-2026-06-0575,SKU-CXP-CUS,1709,3.4,2.85,5810.6,4870.65,939.95
1156,P-2026-06-0576,SKU-CXP-PRE,5222,4.2,3.3,21932.4,17232.6,4699.8
1157,P-2026-06-0577,SKU-CXP-PAD,5681,2.8,2.5,15906.8,14202.5,1704.3
1158,P-2026-06-0578,SKU-CXG-CUS,2739,8.2,6.2,22459.8,16981.8,5478
1159,P-2026-06-0579,SKU-CXG-PAD,22448,6.5,5.1,145912,114484.8,31427.2
1160,P-2026-06-0580,SKU-CXP-PRE,13722,4.2,3.3,57632.4,45282.6,12349.8
1161,P-2026-06-0580,SKU-CXM-PRE,8475,6.8,5.1,57630,43222.5,14407.5
1162,P-2026-06-0581,SKU-CXP-PAD,1335,2.8,2.5,3738,3337.5,400.5
1163,P-2026-06-0582,SKU-CXP-PAD,1128,2.8,2.5,3158.4,2820,338.4
1164,P-2026-06-0583,SKU-CXG-PAD,1135,6.5,5.1,7377.5,5788.5,1589
1165,P-2026-06-0584,SKU-CXP-PAD,848,2.8,2.5,2374.4,2120,254.4
1166,P-2026-06-0584,SKU-CXP-PAD,848,2.8,2.5,2374.4,2120,254.4
1167,P-2026-06-0585,SKU-CXG-PAD,1938,6.5,5.1,12597,9883.8,2713.2
1168,P-2026-06-0585,SKU-CXP-PAD,4499,2.8,2.5,12597.2,11247.5,1349.7
1169,P-2026-06-0586,SKU-CXP-PRE,4274,4.2,3.3,17950.8,14104.2,3846.6
1170,P-2026-06-0587,SKU-CXM-PAD,2469,4.2,3.4,10369.8,8394.6,1975.2
1171,P-2026-06-0588,SKU-CXG-PAD,421,6.5,5.1,2736.5,2147.1,589.4
1172,P-2026-06-0589,SKU-CXG-PAD,344,6.5,5.1,2236,1754.4,481.6
1173,P-2026-06-0590,SKU-CXP-PAD,17986,2.8,2.5,50360.8,44965,5395.8
1174,P-2026-06-0591,SKU-CXP-PAD,2287,2.8,2.5,6403.6,5717.5,686.1
1175,P-2026-06-0591,SKU-CXP-PAD,2287,2.8,2.5,6403.6,5717.5,686.1
1176,P-2026-06-0591,SKU-CXP-PAD,2287,2.8,2.5,6403.6,5717.5,686.1
1177,P-2026-06-0592,SKU-CXG-PAD,762,6.5,5.1,4953,3886.2,1066.8
1178,P-2026-06-0593,SKU-CXG-PAD,4894,6.5,5.1,31811,24959.4,6851.6
1179,P-2026-06-0593,SKU-CXM-PAD,7573,4.2,3.4,31806.6,25748.2,6058.4
1180,P-2026-06-0594,SKU-CXP-CUS,7562,3.4,2.85,25710.8,21551.7,4159.1
1181,P-2026-06-0594,SKU-CXP-CUS,7562,3.4,2.85,25710.8,21551.7,4159.1
1182,P-2026-06-0594,SKU-CXM-CUS,4944,5.2,4.05,25708.8,20023.2,5685.6
1183,P-2026-06-0595,SKU-CXP-PRE,1087,4.2,3.3,4565.4,3587.1,978.3
1184,P-2026-06-0596,SKU-CXM-PAD,4087,4.2,3.4,17165.4,13895.8,3269.6
1185,P-2026-06-0597,SKU-CXG-PAD,1428,6.5,5.1,9282,7282.8,1999.2
1186,P-2026-06-0597,SKU-CXP-PAD,3316,2.8,2.5,9284.8,8290,994.8
1187,P-2026-06-0598,SKU-CXP-CUS,1812,3.4,2.85,6160.8,5164.2,996.6
1188,P-2026-06-0598,SKU-CXM-CUS,1185,5.2,4.05,6162,4799.25,1362.75
1189,P-2026-06-0598,SKU-CXP-CUS,1813,3.4,2.85,6164.2,5167.05,997.15
1190,P-2026-06-0599,SKU-CXP-PRE,8014,4.2,3.3,33658.8,26446.2,7212.6
1191,P-2026-06-0599,SKU-CXG-PRE,3206,10.5,7.8,33663,25006.8,8656.2
1192,P-2026-06-0600,SKU-CXM-PAD,1731,4.2,3.4,7270.2,5885.4,1384.8
1193,P-2026-06-0601,SKU-CXP-PAD,11872,2.8,2.5,33241.6,29680,3561.6
1194,P-2026-06-0601,SKU-CXM-PAD,7915,4.2,3.4,33243,26911,6332
1195,P-2026-06-0602,SKU-CXP-PAD,4588,2.8,2.5,12846.4,11470,1376.4
1196,P-2026-06-0602,SKU-CXG-PAD,1976,6.5,5.1,12844,10077.6,2766.4
1197,P-2026-06-0603,SKU-CXP-PRE,6019,4.2,3.3,25279.8,19862.7,5417.1
1198,P-2026-06-0604,SKU-CXM-CUS,268,5.2,4.05,1393.6,1085.4,308.2
1199,P-2026-06-0604,SKU-CXP-CUS,411,3.4,2.85,1397.4,1171.35,226.05
1200,P-2026-06-0604,SKU-CXM-CUS,268,5.2,4.05,1393.6,1085.4,308.2
1201,P-2026-06-0605,SKU-CXM-PAD,1857,4.2,3.4,7799.4,6313.8,1485.6
1202,P-2026-06-0605,SKU-CXP-PAD,2785,2.8,2.5,7798,6962.5,835.5
1203,P-2026-06-0605,SKU-CXP-PAD,2785,2.8,2.5,7798,6962.5,835.5
1204,P-2026-06-0606,SKU-CXP-PAD,1219,2.8,2.5,3413.2,3047.5,365.7
1205,P-2026-06-0606,SKU-CXP-PAD,1219,2.8,2.5,3413.2,3047.5,365.7
1206,P-2026-06-0607,SKU-CXP-CUS,1457,3.4,2.85,4953.8,4152.45,801.35
1207,P-2026-06-0608,SKU-CXM-PAD,866,4.2,3.4,3637.2,2944.4,692.8
1208,P-2026-06-0609,SKU-CXP-PAD,3226,2.8,2.5,9032.8,8065,967.8
1209,P-2026-06-0609,SKU-CXG-PAD,1390,6.5,5.1,9035,7089,1946
1210,P-2026-06-0610,SKU-CXP-CUS,3662,3.4,2.85,12450.8,10436.7,2014.1
1211,P-2026-06-0610,SKU-CXP-CUS,3662,3.4,2.85,12450.8,10436.7,2014.1
1212,P-2026-06-0611,SKU-CXG-PAD,2260,6.5,5.1,14690,11526,3164
1213,P-2026-06-0612,SKU-CXP-CUS,3448,3.4,2.85,11723.2,9826.8,1896.4
1214,P-2026-06-0613,SKU-CXM-PAD,3000,4.2,3.4,12600,10200,2400
1215,P-2026-06-0614,SKU-CXP-PRE,1638,4.2,3.3,6879.6,5405.4,1474.2
1216,P-2026-06-0614,SKU-CXP-PRE,1637,4.2,3.3,6875.4,5402.1,1473.3
1217,P-2026-06-0614,SKU-CXM-PRE,1012,6.8,5.1,6881.6,5161.2,1720.4
1218,P-2026-06-0615,SKU-CXP-PAD,1830,2.8,2.5,5124,4575,549
1219,P-2026-06-0615,SKU-CXM-PAD,1220,4.2,3.4,5124,4148,976
1220,P-2026-06-0615,SKU-CXP-PAD,1829,2.8,2.5,5121.2,4572.5,548.7
1221,P-2026-06-0616,SKU-CXM-PAD,13739,4.2,3.4,57703.8,46712.6,10991.2
1222,P-2026-06-0616,SKU-CXG-PAD,8877,6.5,5.1,57700.5,45272.7,12427.8
1223,P-2026-06-0616,SKU-CXG-PAD,8878,6.5,5.1,57707,45277.8,12429.2
1224,P-2026-06-0617,SKU-CXP-CUS,10532,3.4,2.85,35808.8,30016.2,5792.6
1225,P-2026-06-0617,SKU-CXM-CUS,6886,5.2,4.05,35807.2,27888.3,7918.9
1226,P-2026-06-0618,SKU-CXG-PAD,1003,6.5,5.1,6519.5,5115.3,1404.2
1227,P-2026-06-0619,SKU-CXM-PAD,1259,4.2,3.4,5287.8,4280.6,1007.2
1228,P-2026-06-0619,SKU-CXP-PAD,1890,2.8,2.5,5292,4725,567
1229,P-2026-06-0620,SKU-CXP-CUS,1312,3.4,2.85,4460.8,3739.2,721.6
1230,P-2026-06-0620,SKU-CXP-CUS,1312,3.4,2.85,4460.8,3739.2,721.6
1231,P-2026-06-0620,SKU-CXM-CUS,858,5.2,4.05,4461.6,3474.9,986.7
1232,P-2026-06-0621,SKU-CXM-PAD,3014,4.2,3.4,12658.8,10247.6,2411.2
1233,P-2026-06-0622,SKU-CXM-PAD,986,4.2,3.4,4141.2,3352.4,788.8
1234,P-2026-06-0622,SKU-CXM-PAD,985,4.2,3.4,4137,3349,788
1235,P-2026-06-0622,SKU-CXP-PAD,1478,2.8,2.5,4138.4,3695,443.4
1236,P-2026-06-0623,SKU-CXM-PAD,4731,4.2,3.4,19870.2,16085.4,3784.8
1237,P-2026-06-0624,SKU-CXP-PAD,1636,2.8,2.5,4580.8,4090,490.8
1238,P-2026-06-0624,SKU-CXP-PAD,1635,2.8,2.5,4578,4087.5,490.5
1239,P-2026-06-0624,SKU-CXP-PAD,1636,2.8,2.5,4580.8,4090,490.8
1240,P-2026-06-0625,SKU-CXG-PRE,967,10.5,7.8,10153.5,7542.6,2610.9
1241,P-2026-06-0626,SKU-CXM-CUS,33236,5.2,4.05,172827.2,134605.8,38221.4
1242,P-2026-06-0627,SKU-CXP-PAD,5470,2.8,2.5,15316,13675,1641
1243,P-2026-06-0628,SKU-CXP-PAD,9008,2.8,2.5,25222.4,22520,2702.4
1244,P-2026-06-0628,SKU-CXG-PAD,3881,6.5,5.1,25226.5,19793.1,5433.4
1245,P-2026-06-0629,SKU-CXP-PRE,2795,4.2,3.3,11739,9223.5,2515.5
1246,P-2026-06-0629,SKU-CXP-PRE,2795,4.2,3.3,11739,9223.5,2515.5
1247,P-2026-06-0630,SKU-CXP-PAD,10227,2.8,2.5,28635.6,25567.5,3068.1
1248,P-2026-06-0631,SKU-CXP-PAD,3972,2.8,2.5,11121.6,9930,1191.6
1249,P-2026-06-0631,SKU-CXP-PAD,3973,2.8,2.5,11124.4,9932.5,1191.9
1250,P-2026-06-0632,SKU-CXG-PAD,12530,6.5,5.1,81445,63903,17542
1251,P-2026-06-0633,SKU-CXM-PAD,5964,4.2,3.4,25048.8,20277.6,4771.2
1252,P-2026-06-0633,SKU-CXM-PAD,5965,4.2,3.4,25053,20281,4772
1253,P-2026-06-0633,SKU-CXP-PAD,8947,2.8,2.5,25051.6,22367.5,2684.1
1254,P-2026-06-0634,SKU-CXP-PAD,3263,2.8,2.5,9136.4,8157.5,978.9
1255,P-2026-06-0634,SKU-CXM-PAD,2175,4.2,3.4,9135,7395,1740
1256,P-2026-06-0634,SKU-CXM-PAD,2176,4.2,3.4,9139.2,7398.4,1740.8
1257,P-2026-06-0635,SKU-CXM-CUS,847,5.2,4.05,4404.4,3430.35,974.05
1258,P-2026-06-0635,SKU-CXP-CUS,1295,3.4,2.85,4403,3690.75,712.25
1259,P-2026-06-0635,SKU-CXP-CUS,1295,3.4,2.85,4403,3690.75,712.25
1260,P-2026-06-0636,SKU-CXP-PAD,1618,2.8,2.5,4530.4,4045,485.4
1261,P-2026-06-0636,SKU-CXP-PAD,1619,2.8,2.5,4533.2,4047.5,485.7
1262,P-2026-06-0637,SKU-CXP-PRE,2125,4.2,3.3,8925,7012.5,1912.5
1263,P-2026-06-0637,SKU-CXP-PRE,2125,4.2,3.3,8925,7012.5,1912.5
1264,P-2026-06-0637,SKU-CXP-PRE,2125,4.2,3.3,8925,7012.5,1912.5
1265,P-2026-06-0638,SKU-CXP-CUS,1684,3.4,2.85,5725.6,4799.4,926.2
1266,P-2026-06-0638,SKU-CXG-CUS,698,8.2,6.2,5723.6,4327.6,1396
1267,P-2026-06-0638,SKU-CXP-CUS,1686,3.4,2.85,5732.4,4805.1,927.3
1268,P-2026-06-0639,SKU-CXG-PAD,451,6.5,5.1,2931.5,2300.1,631.4
1269,P-2026-06-0639,SKU-CXP-PAD,1048,2.8,2.5,2934.4,2620,314.4
1270,P-2026-06-0640,SKU-CXG-PAD,3900,6.5,5.1,25350,19890,5460
1271,P-2026-06-0641,SKU-CXG-PAD,4197,6.5,5.1,27280.5,21404.7,5875.8
1272,P-2026-06-0642,SKU-CXP-PAD,4635,2.8,2.5,12978,11587.5,1390.5
1273,P-2026-06-0642,SKU-CXP-PAD,4635,2.8,2.5,12978,11587.5,1390.5
1274,P-2026-06-0643,SKU-CXP-PAD,8086,2.8,2.5,22640.8,20215,2425.8
1275,P-2026-06-0643,SKU-CXP-PAD,8086,2.8,2.5,22640.8,20215,2425.8
1276,P-2026-06-0643,SKU-CXM-PAD,5391,4.2,3.4,22642.2,18329.4,4312.8
1277,P-2026-06-0644,SKU-CXM-PRE,347,6.8,5.1,2359.6,1769.7,589.9
1278,P-2026-06-0644,SKU-CXM-PRE,348,6.8,5.1,2366.4,1774.8,591.6
1279,P-2026-06-0645,SKU-CXP-PAD,2391,2.8,2.5,6694.8,5977.5,717.3
1280,P-2026-06-0645,SKU-CXP-PAD,2391,2.8,2.5,6694.8,5977.5,717.3
1281,P-2026-06-0646,SKU-CXP-CUS,1644,3.4,2.85,5589.6,4685.4,904.2
1282,P-2026-06-0647,SKU-CXM-PRE,546,6.8,5.1,3712.8,2784.6,928.2
1283,P-2026-06-0647,SKU-CXM-PRE,546,6.8,5.1,3712.8,2784.6,928.2
1284,P-2026-06-0648,SKU-CXP-CUS,40276,3.4,2.85,136938.4,114786.6,22151.8
1285,P-2026-06-0648,SKU-CXG-CUS,16700,8.2,6.2,136940,103540,33400
1286,P-2026-06-0649,SKU-CXG-PAD,1275,6.5,5.1,8287.5,6502.5,1785
1287,P-2026-06-0649,SKU-CXG-PAD,1275,6.5,5.1,8287.5,6502.5,1785
1288,P-2026-06-0650,SKU-CXP-PRE,2281,4.2,3.3,9580.2,7527.3,2052.9
1289,P-2026-06-0650,SKU-CXP-PRE,2280,4.2,3.3,9576,7524,2052
1290,P-2026-06-0651,SKU-CXP-PRE,1221,4.2,3.3,5128.2,4029.3,1098.9
1291,P-2026-06-0651,SKU-CXP-PRE,1220,4.2,3.3,5124,4026,1098
1292,P-2026-06-0652,SKU-CXM-PAD,583,4.2,3.4,2448.6,1982.2,466.4
1293,P-2026-06-0652,SKU-CXP-PAD,875,2.8,2.5,2450,2187.5,262.5
1294,P-2026-06-0652,SKU-CXM-PAD,583,4.2,3.4,2448.6,1982.2,466.4
1295,P-2026-06-0653,SKU-CXG-CUS,866,8.2,6.2,7101.2,5369.2,1732
1296,P-2026-06-0653,SKU-CXP-CUS,2089,3.4,2.85,7102.6,5953.65,1148.95
1297,P-2026-06-0653,SKU-CXP-CUS,2089,3.4,2.85,7102.6,5953.65,1148.95
1298,P-2026-06-0654,SKU-CXM-PAD,943,4.2,3.4,3960.6,3206.2,754.4
1299,P-2026-06-0654,SKU-CXP-PAD,1416,2.8,2.5,3964.8,3540,424.8
1300,P-2026-06-0655,SKU-CXG-PAD,2045,6.5,5.1,13292.5,10429.5,2863
1301,P-2026-06-0655,SKU-CXP-PAD,4746,2.8,2.5,13288.8,11865,1423.8
1302,P-2026-06-0656,SKU-CXP-CUS,1138,3.4,2.85,3869.2,3243.3,625.9
1303,P-2026-06-0657,SKU-CXG-PAD,830,6.5,5.1,5395,4233,1162
1304,P-2026-06-0658,SKU-CXM-PAD,1650,4.2,3.4,6930,5610,1320
1305,P-2026-06-0658,SKU-CXG-PAD,1066,6.5,5.1,6929,5436.6,1492.4
1306,P-2026-06-0659,SKU-CXP-CUS,9864,3.4,2.85,33537.6,28112.4,5425.2
1307,P-2026-06-0659,SKU-CXP-CUS,9864,3.4,2.85,33537.6,28112.4,5425.2
1308,P-2026-06-0659,SKU-CXP-CUS,9863,3.4,2.85,33534.2,28109.55,5424.65
1309,P-2026-06-0660,SKU-CXP-PRE,3981,4.2,3.3,16720.2,13137.3,3582.9
1310,P-2026-06-0660,SKU-CXP-PRE,3980,4.2,3.3,16716,13134,3582
1311,P-2026-06-0661,SKU-CXP-PAD,7260,2.8,2.5,20328,18150,2178
1312,P-2026-06-0662,SKU-CXG-PAD,499,6.5,5.1,3243.5,2544.9,698.6
1313,P-2026-06-0662,SKU-CXM-PAD,772,4.2,3.4,3242.4,2624.8,617.6
1314,P-2026-06-0663,SKU-CXP-PAD,1076,2.8,2.5,3012.8,2690,322.8
1315,P-2026-06-0664,SKU-CXG-PRE,213,10.5,7.8,2236.5,1661.4,575.1
1316,P-2026-06-0664,SKU-CXM-PRE,330,6.8,5.1,2244,1683,561
1317,P-2026-06-0664,SKU-CXM-PRE,330,6.8,5.1,2244,1683,561
1318,P-2026-06-0665,SKU-CXG-PAD,1157,6.5,5.1,7520.5,5900.7,1619.8
1319,P-2026-06-0665,SKU-CXP-PAD,2685,2.8,2.5,7518,6712.5,805.5
1320,P-2026-06-0665,SKU-CXP-PAD,2685,2.8,2.5,7518,6712.5,805.5
1321,P-2026-06-0666,SKU-CXP-PAD,5040,2.8,2.5,14112,12600,1512
1322,P-2026-06-0666,SKU-CXM-PAD,3360,4.2,3.4,14112,11424,2688
1323,P-2026-06-0666,SKU-CXP-PAD,5041,2.8,2.5,14114.8,12602.5,1512.3
1324,P-2026-06-0667,SKU-CXP-PAD,1520,2.8,2.5,4256,3800,456
1325,P-2026-06-0667,SKU-CXP-PAD,1520,2.8,2.5,4256,3800,456
1326,P-2026-06-0667,SKU-CXM-PAD,1013,4.2,3.4,4254.6,3444.2,810.4
1327,P-2026-06-0668,SKU-CXP-PAD,414,2.8,2.5,1159.2,1035,124.2
1328,P-2026-06-0668,SKU-CXG-PAD,178,6.5,5.1,1157,907.8,249.2
1329,P-2026-06-0669,SKU-CXG-PAD,19220,6.5,5.1,124930,98022,26908
1330,P-2026-06-0670,SKU-CXM-PAD,10322,4.2,3.4,43352.4,35094.8,8257.6
1331,P-2026-06-0671,SKU-CXP-PAD,1933,2.8,2.5,5412.4,4832.5,579.9
1332,P-2026-06-0671,SKU-CXP-PAD,1934,2.8,2.5,5415.2,4835,580.2
1333,P-2026-06-0671,SKU-CXP-PAD,1933,2.8,2.5,5412.4,4832.5,579.9
1334,P-2026-06-0672,SKU-CXP-PRE,1104,4.2,3.3,4636.8,3643.2,993.6
1335,P-2026-06-0672,SKU-CXP-PRE,1104,4.2,3.3,4636.8,3643.2,993.6
1336,P-2026-06-0673,SKU-CXM-PAD,1027,4.2,3.4,4313.4,3491.8,821.6
1337,P-2026-06-0673,SKU-CXP-PAD,1540,2.8,2.5,4312,3850,462
1338,P-2026-06-0673,SKU-CXG-PAD,663,6.5,5.1,4309.5,3381.3,928.2
1339,P-2026-06-0674,SKU-CXM-PAD,3263,4.2,3.4,13704.6,11094.2,2610.4
1340,P-2026-06-0675,SKU-CXP-PRE,14183,4.2,3.3,59568.6,46803.9,12764.7
1341,P-2026-06-0675,SKU-CXM-PRE,8760,6.8,5.1,59568,44676,14892
1342,P-2026-06-0675,SKU-CXM-PRE,8760,6.8,5.1,59568,44676,14892
1343,P-2026-06-0676,SKU-CXM-CUS,15694,5.2,4.05,81608.8,63560.7,18048.1
1344,P-2026-06-0676,SKU-CXG-CUS,9952,8.2,6.2,81606.4,61702.4,19904
1345,P-2026-06-0677,SKU-CXP-PAD,9456,2.8,2.5,26476.8,23640,2836.8
1346,P-2026-06-0678,SKU-CXP-CUS,9986,3.4,2.85,33952.4,28460.1,5492.3
1347,P-2026-06-0679,SKU-CXP-PAD,2213,2.8,2.5,6196.4,5532.5,663.9
1348,P-2026-06-0679,SKU-CXM-PAD,1475,4.2,3.4,6195,5015,1180
1349,P-2026-06-0679,SKU-CXM-PAD,1475,4.2,3.4,6195,5015,1180
1350,P-2026-06-0680,SKU-CXP-PRE,3926,4.2,3.3,16489.2,12955.8,3533.4
1351,P-2026-06-0680,SKU-CXP-PRE,3926,4.2,3.3,16489.2,12955.8,3533.4
1352,P-2026-06-0681,SKU-CXP-PAD,1822,2.8,2.5,5101.6,4555,546.6
1353,P-2026-06-0681,SKU-CXP-PAD,1821,2.8,2.5,5098.8,4552.5,546.3
1354,P-2026-06-0682,SKU-CXP-PRE,1665,4.2,3.3,6993,5494.5,1498.5
1355,P-2026-06-0683,SKU-CXM-PAD,909,4.2,3.4,3817.8,3090.6,727.2
1356,P-2026-06-0683,SKU-CXM-PAD,909,4.2,3.4,3817.8,3090.6,727.2
1357,P-2026-06-0684,SKU-CXM-PAD,805,4.2,3.4,3381,2737,644
1358,P-2026-06-0684,SKU-CXP-PAD,1207,2.8,2.5,3379.6,3017.5,362.1
1359,P-2026-06-0684,SKU-CXG-PAD,520,6.5,5.1,3380,2652,728
1360,P-2026-06-0685,SKU-CXG-PAD,918,6.5,5.1,5967,4681.8,1285.2
1361,P-2026-06-0686,SKU-CXM-PRE,1762,6.8,5.1,11981.6,8986.2,2995.4
1362,P-2026-06-0687,SKU-CXM-CUS,7935,5.2,4.05,41262,32136.75,9125.25
1363,P-2026-06-0688,SKU-CXP-PAD,11925,2.8,2.5,33390,29812.5,3577.5
1364,P-2026-06-0689,SKU-CXM-CUS,29709,5.2,4.05,154486.8,120321.45,34165.35
1365,P-2026-06-0689,SKU-CXP-CUS,45438,3.4,2.85,154489.2,129498.3,24990.9
1366,P-2026-06-0690,SKU-CXP-PAD,39605,2.8,2.5,110894,99012.5,11881.5
1367,P-2026-06-0691,SKU-CXM-PAD,11079,4.2,3.4,46531.8,37668.6,8863.2
1368,P-2026-06-0691,SKU-CXG-PAD,7159,6.5,5.1,46533.5,36510.9,10022.6
1369,P-2026-06-0691,SKU-CXM-PAD,11079,4.2,3.4,46531.8,37668.6,8863.2
1370,P-2026-06-0692,SKU-CXM-PAD,2275,4.2,3.4,9555,7735,1820
1371,P-2026-06-0692,SKU-CXP-PAD,3411,2.8,2.5,9550.8,8527.5,1023.3
1372,P-2026-06-0692,SKU-CXP-PAD,3412,2.8,2.5,9553.6,8530,1023.6
1373,P-2026-06-0693,SKU-CXG-PAD,606,6.5,5.1,3939,3090.6,848.4
1374,P-2026-06-0693,SKU-CXM-PAD,936,4.2,3.4,3931.2,3182.4,748.8
1375,P-2026-06-0694,SKU-CXM-PAD,772,4.2,3.4,3242.4,2624.8,617.6
1376,P-2026-06-0694,SKU-CXM-PAD,772,4.2,3.4,3242.4,2624.8,617.6
1377,P-2026-06-0695,SKU-CXP-PRE,3051,4.2,3.3,12814.2,10068.3,2745.9
1378,P-2026-06-0695,SKU-CXP-PRE,3051,4.2,3.3,12814.2,10068.3,2745.9
1379,P-2026-06-0695,SKU-CXP-PRE,3052,4.2,3.3,12818.4,10071.6,2746.8
1380,P-2026-06-0696,SKU-CXP-PAD,1297,2.8,2.5,3631.6,3242.5,389.1
1381,P-2026-06-0696,SKU-CXG-PAD,558,6.5,5.1,3627,2845.8,781.2
1382,P-2026-06-0696,SKU-CXP-PAD,1297,2.8,2.5,3631.6,3242.5,389.1
