pedido_id,data_pedido,data_entrega_prometida,data_entrega_real,cliente_codigo,vendedor_codigo,qtd_linhas,valor_total,custo_produto_total,margem_bruta,frete_real,status
P-2026-04-0001,2026-04-01,2026-04-28,2026-04-30,C-0002,V-003,2,122923,94340,28583,9929,entregue
P-2026-04-0002,2026-04-01,2026-04-20,2026-04-28,C-0014,V-003,2,57383.2,51235,6148.2,1469,entregue
P-2026-04-0003,2026-04-01,2026-04-17,2026-04-18,C-0044,V-006,1,26670,21590,5080,1462,entregue
P-2026-04-0004,2026-04-01,2026-04-22,2026-04-24,C-0082,V-004,3,4321.4,3622.35,699.05,2490,entregue
P-2026-04-0005,2026-04-01,2026-04-16,2026-04-14,C-0094,V-003,1,8463,6286.8,2176.2,2731,entregue
P-2026-04-0006,2026-04-02,2026-05-02,2026-05-01,C-0001,V-COR,3,171854.4,128481.6,43372.8,8787,entregue
P-2026-04-0007,2026-04-02,2026-04-27,2026-04-28,C-0003,V-003,2,208862,175075.5,33786.5,6137,entregue
P-2026-04-0008,2026-04-02,2026-04-22,2026-04-19,C-0037,V-002,3,17878,14969.2,2908.8,2385,entregue
P-2026-04-0009,2026-04-02,2026-04-24,,C-0038,V-002,1,7442.4,6024.8,1417.6,1582,em-producao
P-2026-04-0010,2026-04-02,2026-04-23,,C-0052,V-005,1,5331.2,4468.8,862.4,1091,em-producao
P-2026-04-0011,2026-04-02,2026-05-01,2026-04-30,C-0068,V-005,3,15404.6,12491.05,2913.55,4923,entregue
P-2026-04-0012,2026-04-02,2026-04-20,2026-04-21,C-0068,V-005,2,5777.1,4415.4,1361.7,5679,entregue
P-2026-04-0013,2026-04-02,2026-05-01,2026-04-28,C-0081,V-005,2,15100.4,12853.2,2247.2,73,entregue
P-2026-04-0014,2026-04-02,2026-04-30,2026-05-11,C-0098,V-003,1,10835.5,8501.7,2333.8,2267,atrasado
P-2026-04-0015,2026-04-02,2026-05-07,2026-05-09,C-0100,V-002,1,1906.8,1702.5,204.3,3020,entregue
P-2026-04-0016,2026-04-03,2026-05-07,2026-05-09,C-0003,V-003,1,116524.8,97675.2,18849.6,7305,entregue
P-2026-04-0017,2026-04-03,2026-05-05,2026-05-14,C-0040,V-004,2,7575.1,6353.3,1221.8,583,atrasado
P-2026-04-0018,2026-04-03,2026-04-19,2026-04-18,C-0055,V-005,1,67485.6,60255,7230.6,5882,entregue
P-2026-04-0019,2026-04-03,2026-04-22,2026-04-20,C-0056,V-006,3,4710.3,3734.9,975.4,779,entregue
P-2026-04-0020,2026-04-03,2026-05-07,2026-05-05,C-0059,V-004,2,31209,23964,7245,2621,entregue
P-2026-04-0021,2026-04-03,2026-05-03,2026-04-30,C-0067,V-004,2,3404,2713.2,690.8,6464,entregue
P-2026-04-0022,2026-04-04,2026-04-30,2026-04-27,C-0008,V-004,3,168167.2,130129.5,38037.7,14949,entregue
P-2026-04-0023,2026-04-04,2026-05-08,2026-05-10,C-0023,V-005,3,5622.4,4863.9,758.5,4211,entregue
P-2026-04-0024,2026-04-04,2026-05-07,2026-05-09,C-0024,V-001,1,29425.2,23119.8,6305.4,3210,entregue
P-2026-04-0025,2026-04-04,2026-04-20,2026-04-20,C-0042,V-005,2,10421,8306.2,2114.8,2541,entregue
P-2026-04-0026,2026-04-04,2026-05-01,2026-04-28,C-0048,V-006,2,4432.4,3772.7,659.7,1077,entregue
P-2026-04-0027,2026-04-04,2026-05-03,,C-0056,V-006,2,9490,7446,2044,853,em-producao
P-2026-04-0028,2026-04-04,2026-05-08,2026-05-06,C-0074,V-006,1,3948,3102,846,1416,entregue
P-2026-04-0029,2026-04-05,2026-05-05,2026-05-04,C-0001,V-COR,3,242474.6,187011.7,55462.9,11679,entregue
P-2026-04-0030,2026-04-05,2026-04-28,2026-04-29,C-0005,V-COR,2,108715.9,86654.1,22061.8,12110,entregue
P-2026-04-0031,2026-04-05,2026-05-10,2026-05-08,C-0012,V-002,2,13162.8,10655.6,2507.2,4084,entregue
P-2026-04-0032,2026-04-05,2026-05-05,2026-05-03,C-0021,V-006,2,6868.4,5846.2,1022.2,694,entregue
P-2026-04-0033,2026-04-05,2026-04-24,2026-04-23,C-0025,V-006,1,2954,2637.5,316.5,1493,entregue
P-2026-04-0034,2026-04-05,2026-04-30,2026-04-27,C-0037,V-002,3,61602.8,51580.2,10022.6,2795,entregue
P-2026-04-0035,2026-04-05,2026-05-09,2026-05-07,C-0038,V-002,1,8765.4,7095.8,1669.6,1858,entregue
P-2026-04-0036,2026-04-05,2026-05-03,2026-05-05,C-0062,V-002,3,11289.9,9045.7,2244.2,63,entregue
P-2026-04-0037,2026-04-05,2026-05-02,2026-04-30,C-0066,V-003,1,11629.8,9414.6,2215.2,3967,entregue
P-2026-04-0038,2026-04-05,2026-05-03,,C-0077,V-006,3,4885.1,4185.1,700,687,em-producao
P-2026-04-0039,2026-04-05,2026-05-05,2026-05-06,C-0093,V-003,1,2548,1999.2,548.8,810,entregue
P-2026-04-0040,2026-04-06,2026-04-28,2026-04-27,C-0025,V-006,1,2629.2,2347.5,281.7,1271,entregue
P-2026-04-0041,2026-04-06,2026-05-08,2026-05-06,C-0036,V-005,2,8384.1,6682.7,1701.4,5246,entregue
P-2026-04-0042,2026-04-06,2026-05-03,2026-05-16,C-0046,V-006,1,3144.4,2807.5,336.9,3155,atrasado
P-2026-04-0043,2026-04-06,2026-04-30,,C-0051,V-002,1,30891,25007,5884,584,em-producao
P-2026-04-0044,2026-04-06,2026-04-25,2026-04-26,C-0065,V-003,2,13434.4,11995,1439.4,1603,entregue
P-2026-04-0045,2026-04-06,2026-04-21,2026-04-21,C-0072,V-005,3,17102.4,13437.6,3664.8,721,entregue
P-2026-04-0046,2026-04-06,2026-04-25,2026-04-23,C-0086,V-006,1,5684,5075,609,3147,entregue
P-2026-04-0047,2026-04-07,2026-04-24,2026-04-25,C-0004,V-COR,1,81223.8,65752.6,15471.2,1416,entregue
P-2026-04-0048,2026-04-07,2026-04-26,2026-04-24,C-0031,V-003,1,16962.4,13211.1,3751.3,5892,entregue
P-2026-04-0049,2026-04-07,2026-05-10,2026-05-08,C-0067,V-004,1,4494,3638,856,4721,entregue
P-2026-04-0050,2026-04-07,2026-04-30,2026-04-29,C-0070,V-004,1,4088.5,3207.9,880.6,1986,entregue
P-2026-04-0051,2026-04-07,2026-05-12,2026-05-12,C-0080,V-005,3,12184.2,10540.3,1643.9,2306,entregue
P-2026-04-0052,2026-04-07,2026-04-29,2026-05-05,C-0086,V-006,2,15989,13410.5,2578.5,2413,entregue
P-2026-04-0053,2026-04-08,2026-05-05,2026-05-06,C-0002,V-003,1,204475.2,154603.2,49872,6213,entregue
P-2026-04-0054,2026-04-08,2026-05-12,2026-05-10,C-0019,V-007,1,3567.2,3185,382.2,0,entregue
P-2026-04-0055,2026-04-08,2026-05-12,2026-05-14,C-0035,V-001,1,9809,8222.25,1586.75,6778,entregue
P-2026-04-0056,2026-04-08,2026-05-03,2026-05-04,C-0057,V-005,2,8195.4,6117.3,2078.1,5212,entregue
P-2026-04-0057,2026-04-08,2026-04-30,2026-04-30,C-0059,V-004,2,7031,5398.8,1632.2,3846,entregue
P-2026-04-0058,2026-04-08,2026-05-03,2026-05-05,C-0084,V-004,3,34913.2,29232.8,5680.4,1224,entregue
P-2026-04-0059,2026-04-08,2026-04-24,,C-0097,V-004,2,11603.3,9731.8,1871.5,721,em-producao
P-2026-04-0060,2026-04-09,2026-05-10,2026-05-10,C-0010,V-002,1,47829.6,38719.2,9110.4,216,entregue
P-2026-04-0061,2026-04-09,2026-05-07,2026-05-06,C-0069,V-001,1,16363.2,12856.8,3506.4,1086,entregue
P-2026-04-0062,2026-04-09,2026-05-13,2026-05-10,C-0075,V-002,3,5803.8,4864.95,938.85,6664,entregue
P-2026-04-0063,2026-04-09,2026-05-05,2026-05-10,C-0078,V-002,1,16718.8,14927.5,1791.3,2253,atrasado
P-2026-04-0064,2026-04-09,2026-04-25,2026-05-10,C-0088,V-004,2,4759,3991.6,767.4,1213,atrasado
P-2026-04-0065,2026-04-10,2026-04-28,2026-04-29,C-0031,V-003,3,13832.4,10539,3293.4,5589,entregue
P-2026-04-0066,2026-04-10,2026-05-13,2026-05-15,C-0083,V-006,2,4527.6,4042.5,485.1,321,entregue
P-2026-04-0067,2026-04-11,2026-05-02,2026-04-29,C-0004,V-COR,1,62933,49378.2,13554.8,1652,entregue
P-2026-04-0068,2026-04-11,2026-05-07,,C-0006,V-002,1,132787.2,118560,14227.2,410,em-producao
P-2026-04-0069,2026-04-11,2026-05-13,,C-0011,V-004,2,45372.6,35649.9,9722.7,11156,em-producao
P-2026-04-0070,2026-04-11,2026-05-01,2026-05-02,C-0018,V-002,2,25676.9,20466.3,5210.6,512,entregue
P-2026-04-0071,2026-04-11,2026-05-10,2026-05-08,C-0026,V-006,1,7638.4,6820,818.4,2788,entregue
P-2026-04-0072,2026-04-11,2026-05-06,2026-05-06,C-0029,V-001,1,9475.2,7444.8,2030.4,2012,entregue
P-2026-04-0073,2026-04-11,2026-04-30,2026-04-29,C-0058,V-005,1,11264.4,9118.8,2145.6,2399,entregue
P-2026-04-0074,2026-04-11,2026-05-08,,C-0076,V-004,1,10920.8,9154.2,1766.6,3239,cancelado
P-2026-04-0075,2026-04-11,2026-05-11,2026-05-11,C-0082,V-004,1,5863.2,4606.8,1256.4,3122,entregue
P-2026-04-0076,2026-04-12,2026-05-01,2026-04-29,C-0004,V-COR,3,226367.7,179491.1,46876.6,2019,entregue
P-2026-04-0077,2026-04-12,2026-05-17,2026-05-19,C-0009,V-005,3,50065.4,41919.8,8145.6,1264,entregue
P-2026-04-0078,2026-04-12,2026-04-28,,C-0012,V-002,3,40537,33268.3,7268.7,4111,perdido
P-2026-04-0079,2026-04-12,2026-05-07,2026-05-06,C-0063,V-002,1,16464,14700,1764,1288,entregue
P-2026-04-0080,2026-04-12,2026-05-07,2026-05-05,C-0066,V-003,3,21128.6,17515.2,3613.4,3780,entregue
P-2026-04-0081,2026-04-12,2026-05-04,,C-0069,V-001,1,61298.6,51382.65,9915.95,599,em-producao
P-2026-04-0082,2026-04-12,2026-05-06,2026-05-14,C-0072,V-005,3,18106.2,14226.3,3879.9,768,atrasado
P-2026-04-0083,2026-04-12,2026-05-16,2026-05-16,C-0080,V-005,1,5128.2,4151.4,976.8,2901,entregue
P-2026-04-0084,2026-04-12,2026-05-17,2026-05-17,C-0091,V-005,2,28029.4,22341.4,5688,2813,entregue
P-2026-04-0085,2026-04-13,2026-04-29,2026-04-28,C-0002,V-003,2,172611.2,129458.4,43152.8,9418,entregue
P-2026-04-0086,2026-04-13,2026-04-28,2026-04-30,C-0035,V-001,3,21517,16650,4867,8066,entregue
P-2026-04-0087,2026-04-13,2026-05-18,,C-0042,V-005,3,7285.9,5979.7,1306.2,1960,perdido
P-2026-04-0088,2026-04-13,2026-05-16,2026-05-15,C-0048,V-006,1,6412,5725,687,1098,entregue
P-2026-04-0089,2026-04-13,2026-05-07,,C-0058,V-005,3,16333.8,13676.2,2657.6,2129,perdido
P-2026-04-0090,2026-04-13,2026-05-12,,C-0065,V-003,3,9460.9,8106,1354.9,1571,em-producao
P-2026-04-0091,2026-04-13,2026-04-30,2026-05-02,C-0070,V-004,3,9710.4,7860.8,1849.6,2453,entregue
P-2026-04-0092,2026-04-13,2026-05-18,2026-05-18,C-0078,V-002,3,21873.6,18314.8,3558.8,1568,entregue
P-2026-04-0093,2026-04-13,2026-05-16,2026-05-15,C-0085,V-005,2,31634.4,24855.6,6778.8,605,entregue
P-2026-04-0094,2026-04-14,2026-05-10,2026-05-08,C-0005,V-COR,3,55383.6,47451.5,7932.1,11534,entregue
P-2026-04-0095,2026-04-14,2026-05-06,2026-05-06,C-0008,V-004,3,72466.8,56938.2,15528.6,9696,entregue
P-2026-04-0096,2026-04-14,2026-05-16,,C-0012,V-002,1,86170.5,67610.7,18559.8,3101,cancelado
P-2026-04-0097,2026-04-14,2026-05-02,,C-0017,V-005,3,7449.4,6444.4,1005,1648,perdido
P-2026-04-0098,2026-04-14,2026-04-30,2026-05-01,C-0028,V-006,1,47426.4,42345,5081.4,1611,entregue
P-2026-04-0099,2026-04-14,2026-05-10,,C-0029,V-001,2,10006.2,8387.55,1618.65,2619,perdido
P-2026-04-0100,2026-04-14,2026-05-14,2026-05-11,C-0034,V-004,2,9539.4,8000.9,1538.5,2076,entregue
P-2026-04-0101,2026-04-14,2026-05-06,,C-0043,V-006,3,8200.7,6502.5,1698.2,6720,perdido
P-2026-04-0102,2026-04-14,2026-05-14,2026-05-15,C-0050,V-004,2,30413.6,27155,3258.6,2268,entregue
P-2026-04-0103,2026-04-14,2026-05-02,2026-05-02,C-0060,V-006,3,6245.4,4907.1,1338.3,4072,entregue
P-2026-04-0104,2026-04-14,2026-05-15,2026-05-21,C-0061,V-002,2,15706,12518.8,3187.2,3445,atrasado
P-2026-04-0105,2026-04-15,2026-05-06,2026-05-12,C-0006,V-002,1,50685.6,41031.2,9654.4,404,atrasado
P-2026-04-0106,2026-04-15,2026-05-19,2026-05-18,C-0010,V-002,3,30982,25941.2,5040.8,212,entregue
P-2026-04-0107,2026-04-15,2026-05-11,2026-05-10,C-0013,V-005,2,40712.7,31116,9596.7,8033,entregue
P-2026-04-0108,2026-04-15,2026-05-06,2026-05-06,C-0045,V-006,2,3243.5,2544.9,698.6,87,entregue
P-2026-04-0109,2026-04-15,2026-05-18,2026-05-24,C-0077,V-006,1,7741.5,6074.1,1667.4,980,entregue
P-2026-04-0110,2026-04-15,2026-05-18,2026-05-18,C-0087,V-002,2,28756.6,22924.1,5832.5,264,entregue
P-2026-04-0111,2026-04-16,2026-05-02,,C-0027,V-003,3,6566.9,5626.2,940.7,3095,em-producao
P-2026-04-0112,2026-04-16,2026-05-19,2026-06-01,C-0030,V-002,1,14435.4,11685.8,2749.6,2318,atrasado
P-2026-04-0113,2026-04-16,2026-05-12,2026-05-10,C-0039,V-006,1,11393.2,10172.5,1220.7,8043,entregue
P-2026-04-0114,2026-04-16,2026-05-20,2026-05-19,C-0091,V-005,2,10068.8,8990,1078.8,2941,entregue
P-2026-04-0115,2026-04-16,2026-05-14,2026-05-13,C-0096,V-006,3,31712.8,26553.1,5159.7,2142,entregue
P-2026-04-0116,2026-04-17,2026-05-18,2026-05-19,C-0007,V-001,2,120804.6,94917.9,25886.7,7651,entregue
P-2026-04-0117,2026-04-17,2026-05-05,2026-05-03,C-0032,V-005,3,2461.2,1992.4,468.8,3837,entregue
P-2026-04-0118,2026-04-17,2026-05-10,2026-05-12,C-0036,V-005,3,3326.8,2665.6,661.2,5264,entregue
P-2026-04-0119,2026-04-17,2026-05-15,2026-05-12,C-0050,V-004,1,18146.8,16202.5,1944.3,1610,entregue
P-2026-04-0120,2026-04-17,2026-05-04,2026-05-03,C-0054,V-002,2,24017.5,18844.5,5173,1517,entregue
P-2026-04-0121,2026-04-17,2026-05-21,2026-05-21,C-0064,V-003,2,7408.8,6306.3,1102.5,2943,entregue
P-2026-04-0122,2026-04-17,2026-05-02,2026-04-29,C-0065,V-003,2,8049.9,6751.9,1298,1627,entregue
P-2026-04-0123,2026-04-17,2026-05-17,2026-05-15,C-0065,V-003,2,10483.2,8923.2,1560,2120,entregue
P-2026-04-0124,2026-04-17,2026-05-12,2026-05-14,C-0079,V-003,3,65566.2,54898.8,10667.4,2294,entregue
P-2026-04-0125,2026-04-17,2026-05-13,2026-05-13,C-0089,V-002,1,14076,11799,2277,127,entregue
P-2026-04-0126,2026-04-18,2026-05-09,,C-0001,V-COR,2,230503.8,176905.2,53598.6,12350,cancelado
P-2026-04-0127,2026-04-18,2026-05-17,2026-05-17,C-0012,V-002,1,14789.6,13205,1584.6,2901,entregue
P-2026-04-0128,2026-04-18,2026-05-21,2026-05-20,C-0029,V-001,1,3969,3118.5,850.5,3263,entregue
P-2026-04-0129,2026-04-18,2026-05-07,,C-0033,V-006,3,9904.4,7935.6,1968.8,6090,cancelado
P-2026-04-0130,2026-04-18,2026-05-03,2026-05-04,C-0053,V-002,3,7432.5,6161.6,1270.9,1236,entregue
P-2026-04-0131,2026-04-18,2026-05-22,2026-05-21,C-0054,V-002,3,14183.9,11364.5,2819.4,1344,entregue
P-2026-04-0132,2026-04-18,2026-05-03,2026-05-04,C-0061,V-002,2,22521.8,19170.4,3351.4,4822,entregue
P-2026-04-0133,2026-04-18,2026-05-20,2026-05-21,C-0073,V-003,1,4960.6,4158.15,802.45,4082,entregue
P-2026-04-0134,2026-04-18,2026-05-12,2026-05-10,C-0099,V-002,1,11495.4,9032.1,2463.3,3209,entregue
P-2026-04-0135,2026-04-19,2026-05-05,2026-05-10,C-0002,V-003,1,319004.6,241198.6,77806,6264,atrasado
P-2026-04-0136,2026-04-19,2026-05-20,2026-05-21,C-0017,V-005,1,5843.6,5217.5,626.1,1274,entregue
P-2026-04-0137,2026-04-19,2026-05-19,,C-0027,V-003,2,13671.4,10897,2774.4,2771,em-producao
P-2026-04-0138,2026-04-20,2026-05-13,2026-05-15,C-0004,V-COR,1,126919,99582.6,27336.4,1470,entregue
P-2026-04-0139,2026-04-20,2026-05-17,2026-05-15,C-0035,V-001,3,16150.2,12497.1,3653.1,8035,entregue
P-2026-04-0140,2026-04-20,2026-05-05,2026-05-04,C-0052,V-005,1,8223.6,6461.4,1762.2,1174,entregue
P-2026-04-0141,2026-04-20,2026-05-16,2026-05-17,C-0060,V-006,1,26678.4,20961.6,5716.8,2908,entregue
P-2026-04-0142,2026-04-20,2026-05-16,2026-05-17,C-0078,V-002,3,5051.9,4047.7,1004.2,2392,entregue
P-2026-04-0143,2026-04-20,2026-05-20,2026-05-21,C-0088,V-004,3,2926.6,2426.3,500.3,1650,entregue
P-2026-04-0144,2026-04-21,2026-05-17,2026-05-17,C-0005,V-COR,2,97492.9,77708.7,19784.2,10415,entregue
P-2026-04-0145,2026-04-21,2026-05-08,2026-05-06,C-0015,V-002,3,21130.4,17294.1,3836.3,282,entregue
P-2026-04-0146,2026-04-21,2026-05-23,2026-05-24,C-0053,V-002,3,4428.2,3707.7,720.5,1901,entregue
P-2026-04-0147,2026-04-21,2026-05-17,2026-05-14,C-0097,V-004,3,26397.6,21883.4,4514.2,1076,entregue
P-2026-04-0148,2026-04-22,2026-05-10,,C-0014,V-003,1,28501.2,23072.4,5428.8,2289,cancelado
P-2026-04-0149,2026-04-22,2026-05-24,,C-0017,V-005,2,2853.2,2547.5,305.7,1690,cancelado
P-2026-04-0150,2026-04-22,2026-05-27,2026-05-25,C-0021,V-006,3,16843.4,14570.8,2272.6,429,entregue
P-2026-04-0151,2026-04-22,2026-05-27,2026-05-26,C-0029,V-001,1,9520,7140,2380,3206,entregue
P-2026-04-0152,2026-04-22,2026-05-11,,C-0043,V-006,2,1841.4,1544.2,297.2,7095,perdido
P-2026-04-0153,2026-04-22,2026-05-27,2026-05-28,C-0076,V-004,1,16707.6,13012.65,3694.95,2634,entregue
P-2026-04-0154,2026-04-22,2026-05-09,2026-05-07,C-0081,V-005,1,15678.6,12692.2,2986.4,70,entregue
P-2026-04-0155,2026-04-22,2026-05-17,2026-05-18,C-0084,V-004,1,16132.2,13059.4,3072.8,733,entregue
P-2026-04-0156,2026-04-23,2026-05-12,,C-0007,V-001,1,92901.6,77873.4,15028.2,5931,em-producao
P-2026-04-0157,2026-04-23,2026-05-12,2026-05-12,C-0022,V-002,1,6900.6,5421.9,1478.7,1921,entregue
P-2026-04-0158,2026-04-23,2026-05-14,2026-05-13,C-0023,V-005,1,7641.2,6822.5,818.7,6369,entregue
P-2026-04-0159,2026-04-23,2026-05-22,2026-05-24,C-0047,V-002,2,6341,5315.25,1025.75,428,entregue
P-2026-04-0160,2026-04-23,2026-05-16,2026-05-21,C-0051,V-002,2,43225.7,36255,6970.7,470,entregue
P-2026-04-0161,2026-04-23,2026-05-14,2026-05-29,C-0073,V-003,3,29755.2,23025,6730.2,4091,atrasado
P-2026-04-0162,2026-04-23,2026-05-27,,C-0095,V-004,2,20727,17642.8,3084.2,1646,perdido
P-2026-04-0163,2026-04-24,2026-05-23,2026-05-20,C-0024,V-001,1,7959,5912.4,2046.6,3530,entregue
P-2026-04-0164,2026-04-24,2026-05-20,,C-0051,V-002,1,13448.4,10886.8,2561.6,646,perdido
P-2026-04-0165,2026-04-25,2026-05-27,2026-05-27,C-0003,V-003,3,174816,133193.1,41622.9,5905,entregue
P-2026-04-0166,2026-04-25,2026-05-27,2026-06-07,C-0016,V-002,1,49068.5,38499.9,10568.6,113,atrasado
P-2026-04-0167,2026-04-25,2026-05-17,2026-05-24,C-0024,V-001,1,4804.8,3775.2,1029.6,2345,atrasado
P-2026-04-0168,2026-04-25,2026-05-30,2026-05-27,C-0026,V-006,2,8506.4,7595,911.4,2387,entregue
P-2026-04-0169,2026-04-25,2026-05-25,,C-0064,V-003,2,10956.4,9782.5,1173.9,2046,perdido
P-2026-04-0170,2026-04-25,2026-05-12,2026-05-09,C-0099,V-002,3,23992,19161,4831,3662,entregue
P-2026-04-0171,2026-04-26,2026-05-21,2026-05-19,C-0011,V-004,3,38919.8,32623.95,6295.85,10046,entregue
P-2026-04-0172,2026-04-26,2026-05-24,2026-05-23,C-0022,V-002,2,8481.2,6857.55,1623.65,1698,entregue
P-2026-04-0173,2026-04-26,2026-05-23,2026-05-24,C-0041,V-002,2,18011.5,14132.1,3879.4,1167,entregue
P-2026-04-0174,2026-04-26,2026-05-11,2026-05-09,C-0063,V-002,3,12108.9,10374.6,1734.3,1181,entregue
P-2026-04-0175,2026-04-26,2026-05-23,,C-0071,V-003,2,16336.6,13905.5,2431.1,2505,cancelado
P-2026-04-0176,2026-04-26,2026-05-20,2026-05-21,C-0074,V-006,2,22819.2,18450.3,4368.9,2055,entregue
P-2026-04-0177,2026-04-26,2026-05-27,2026-05-27,C-0090,V-003,1,22033.2,17836.4,4196.8,1409,entregue
P-2026-04-0178,2026-04-26,2026-05-29,2026-05-30,C-0094,V-003,3,20182.4,15136.8,5045.6,2724,entregue
P-2026-04-0179,2026-04-27,2026-05-13,2026-05-14,C-0001,V-COR,2,147706.6,111680.6,36026,12032,entregue
P-2026-04-0180,2026-04-27,2026-05-19,2026-05-17,C-0013,V-005,2,97686.2,75009,22677.2,8456,entregue
P-2026-04-0181,2026-04-27,2026-05-30,2026-05-30,C-0020,V-002,1,4116,3675,441,586,entregue
P-2026-04-0182,2026-04-27,2026-05-14,2026-05-13,C-0040,V-004,3,22092,17884,4208,439,entregue
P-2026-04-0183,2026-04-27,2026-05-18,2026-05-18,C-0062,V-002,1,11089,8700.6,2388.4,60,entregue
P-2026-04-0184,2026-04-27,2026-05-26,2026-05-25,C-0092,V-002,3,10364.2,8678,1686.2,536,entregue
P-2026-04-0185,2026-04-28,2026-05-28,2026-05-27,C-0006,V-002,2,82987.8,70638.6,12349.2,490,entregue
P-2026-04-0186,2026-04-28,2026-06-01,2026-05-29,C-0034,V-004,2,8789.2,7847.5,941.7,1957,entregue
P-2026-04-0187,2026-04-28,2026-05-15,,C-0070,V-004,2,12805,10047,2758,2088,em-producao
P-2026-04-0188,2026-04-28,2026-06-01,2026-06-02,C-0071,V-003,3,34174,28614.1,5559.9,2786,entregue
P-2026-04-0189,2026-04-28,2026-05-20,2026-05-17,C-0083,V-006,1,4062.8,3627.5,435.3,389,entregue
P-2026-04-0190,2026-04-28,2026-05-30,,C-0089,V-002,1,16367.4,12860.1,3507.3,96,em-producao
P-2026-04-0191,2026-04-28,2026-05-15,2026-05-14,C-0100,V-002,3,4818.8,4302.5,516.3,2693,entregue
P-2026-04-0192,2026-04-29,2026-05-17,,C-0009,V-005,2,50386,42888.2,7497.8,1305,em-producao
P-2026-04-0193,2026-04-29,2026-05-22,2026-05-21,C-0032,V-005,1,3948,3196,752,3805,entregue
P-2026-04-0194,2026-04-29,2026-05-30,2026-05-29,C-0046,V-006,1,11354,10137.5,1216.5,2874,entregue
P-2026-04-0195,2026-04-30,2026-05-28,,C-0017,V-005,3,20745.2,18522.5,2222.7,1476,em-producao
P-2026-04-0196,2026-04-30,2026-05-21,2026-05-22,C-0035,V-001,1,13494.6,11311.65,2182.95,8557,entregue
P-2026-04-0197,2026-04-30,2026-05-27,2026-05-25,C-0049,V-002,3,30760.5,25500.5,5260,210,entregue
P-2026-04-0198,2026-04-30,2026-05-29,2026-06-02,C-0087,V-002,1,31470.4,24510.6,6959.8,309,atrasado
P-2026-04-0199,2026-04-30,2026-05-15,2026-05-17,C-0093,V-003,2,6774.6,5484.2,1290.4,651,entregue
P-2026-04-0200,2026-04-30,2026-05-19,2026-05-25,C-0095,V-004,3,11149.2,9552.2,1597,1210,atrasado
P-2026-05-0201,2026-05-01,2026-05-29,2026-05-27,C-0012,V-002,1,50685.6,45255,5430.6,4108,entregue
P-2026-05-0202,2026-05-01,2026-06-02,2026-06-03,C-0013,V-005,1,54529.2,45708.3,8820.9,8730,entregue
P-2026-05-0203,2026-05-01,2026-05-16,2026-05-14,C-0037,V-002,2,14805,11985,2820,2396,entregue
P-2026-05-0204,2026-05-01,2026-05-18,,C-0043,V-006,1,4649.4,3763.8,885.6,4698,perdido
P-2026-05-0205,2026-05-01,2026-05-22,,C-0053,V-002,3,3046.8,2441.2,605.6,1639,em-producao
P-2026-05-0206,2026-05-01,2026-05-30,2026-05-28,C-0056,V-006,1,12412.4,11082.5,1329.9,769,entregue
P-2026-05-0207,2026-05-01,2026-05-17,,C-0070,V-004,1,19467.5,15274.5,4193,1645,cancelado
P-2026-05-0208,2026-05-01,2026-05-20,2026-05-25,C-0075,V-002,3,12066.6,10114.65,1951.95,5083,entregue
P-2026-05-0209,2026-05-01,2026-05-23,2026-05-23,C-0077,V-006,3,2967.6,2542.7,424.9,610,entregue
P-2026-05-0210,2026-05-01,2026-05-28,2026-05-30,C-0094,V-003,2,6018,4513.5,1504.5,3429,entregue
P-2026-05-0211,2026-05-01,2026-05-26,2026-06-10,C-0096,V-006,3,15493,12413.4,3079.6,2345,atrasado
P-2026-05-0212,2026-05-02,2026-05-21,2026-05-28,C-0002,V-003,2,132188,106879.5,25308.5,10314,entregue
P-2026-05-0213,2026-05-02,2026-05-17,2026-05-20,C-0007,V-001,2,37408.8,29135.7,8273.1,8298,atrasado
P-2026-05-0214,2026-05-02,2026-05-23,2026-05-20,C-0009,V-005,2,60673.2,49116.4,11556.8,1595,entregue
P-2026-05-0215,2026-05-02,2026-06-06,2026-06-05,C-0014,V-003,2,122147.6,102449.6,19698,1517,entregue
P-2026-05-0216,2026-05-02,2026-05-22,2026-05-21,C-0048,V-006,1,8716.4,7782.5,933.9,1187,entregue
P-2026-05-0217,2026-05-02,2026-06-01,2026-06-02,C-0089,V-002,2,10325.8,8655.45,1670.35,98,entregue
P-2026-05-0218,2026-05-02,2026-06-04,2026-06-10,C-0090,V-003,1,3481.8,2818.6,663.2,1383,atrasado
P-2026-05-0219,2026-05-03,2026-06-07,2026-06-08,C-0001,V-COR,1,258564.8,201382.2,57182.6,9591,entregue
P-2026-05-0220,2026-05-03,2026-05-23,2026-05-23,C-0003,V-003,2,92106,69079.5,23026.5,6576,entregue
P-2026-05-0221,2026-05-03,2026-06-05,,C-0027,V-003,3,7095.2,5822.8,1272.4,2791,em-producao
P-2026-05-0222,2026-05-03,2026-05-30,2026-05-30,C-0035,V-001,1,47051.6,35575.6,11476,8659,entregue
P-2026-05-0223,2026-05-03,2026-06-04,2026-06-03,C-0044,V-006,2,2562,2074,488,2015,entregue
P-2026-05-0224,2026-05-03,2026-05-26,2026-05-25,C-0050,V-004,1,8094.8,7227.5,867.3,1489,entregue
P-2026-05-0225,2026-05-03,2026-05-23,,C-0067,V-004,3,6416.9,5497.9,919,7047,em-producao
P-2026-05-0226,2026-05-03,2026-06-04,2026-06-04,C-0079,V-003,3,9151.8,7408.6,1743.2,2291,entregue
P-2026-05-0227,2026-05-03,2026-05-29,2026-05-30,C-0081,V-005,2,39537.4,33653.8,5883.6,64,entregue
P-2026-05-0228,2026-05-03,2026-06-01,2026-05-29,C-0087,V-002,3,13358,10336.5,3021.5,311,entregue
P-2026-05-0229,2026-05-04,2026-05-26,2026-05-28,C-0001,V-COR,2,521684,394444,127240,10570,entregue
P-2026-05-0230,2026-05-04,2026-05-25,2026-05-27,C-0003,V-003,2,141895,108955.2,32939.8,5266,entregue
P-2026-05-0231,2026-05-04,2026-05-23,2026-05-28,C-0004,V-COR,1,87763,68860.2,18902.8,1856,atrasado
P-2026-05-0232,2026-05-04,2026-06-06,2026-06-06,C-0019,V-007,3,8204,7325,879,0,entregue
P-2026-05-0233,2026-05-04,2026-05-26,2026-05-23,C-0022,V-002,1,68037.4,57031.35,11006.05,1260,entregue
P-2026-05-0234,2026-05-04,2026-05-25,,C-0025,V-006,2,10113.6,8608.6,1505,1225,em-producao
P-2026-05-0235,2026-05-04,2026-05-29,2026-06-08,C-0087,V-002,3,15001.8,12277.95,2723.85,428,atrasado
P-2026-05-0236,2026-05-04,2026-06-03,2026-06-01,C-0088,V-004,1,7585.2,6772.5,812.7,1898,entregue
P-2026-05-0237,2026-05-05,2026-05-30,2026-05-31,C-0002,V-003,2,139845.8,107327.75,32518.05,7135,entregue
P-2026-05-0238,2026-05-05,2026-05-21,2026-05-23,C-0005,V-COR,2,86158.8,76927.5,9231.3,8322,entregue
P-2026-05-0239,2026-05-05,2026-05-24,2026-06-04,C-0006,V-002,1,76171.2,68010,8161.2,346,atrasado
P-2026-05-0240,2026-05-05,2026-06-09,2026-06-10,C-0017,V-005,1,8030.4,6500.8,1529.6,1293,entregue
P-2026-05-0241,2026-05-05,2026-05-25,,C-0069,V-001,1,23186.8,18058.95,5127.85,690,em-producao
P-2026-05-0242,2026-05-05,2026-06-03,2026-06-05,C-0073,V-003,2,41422.2,34721.55,6700.65,4252,entregue
P-2026-05-0243,2026-05-05,2026-06-01,2026-06-03,C-0091,V-005,3,5612.6,4855.5,757.1,2455,entregue
P-2026-05-0244,2026-05-05,2026-06-04,2026-06-03,C-0100,V-002,1,5320,4750,570,1736,entregue
P-2026-05-0245,2026-05-06,2026-05-29,2026-05-26,C-0006,V-002,1,40625.2,36272.5,4352.7,477,entregue
P-2026-05-0246,2026-05-06,2026-06-06,2026-06-07,C-0011,V-004,2,34200.6,28668.15,5532.45,10995,entregue
P-2026-05-0247,2026-05-07,2026-05-27,,C-0006,V-002,1,75835.2,61390.4,14444.8,445,perdido
P-2026-05-0248,2026-05-07,2026-05-24,,C-0010,V-002,1,36275.4,29365.8,6909.6,212,em-producao
P-2026-05-0249,2026-05-07,2026-06-02,,C-0017,V-005,3,18611.6,16617.5,1994.1,1066,perdido
P-2026-05-0250,2026-05-07,2026-06-03,2026-06-01,C-0026,V-006,3,11191.6,9681.7,1509.9,2087,entregue
P-2026-05-0251,2026-05-07,2026-05-27,2026-05-24,C-0034,V-004,3,21240.9,18198.9,3042,2080,entregue
P-2026-05-0252,2026-05-07,2026-05-26,2026-05-23,C-0036,V-005,2,11827.2,10067.2,1760,5502,entregue
P-2026-05-0253,2026-05-07,2026-05-24,2026-05-21,C-0064,V-003,3,8635.2,7710,925.2,3089,entregue
P-2026-05-0254,2026-05-07,2026-05-31,,C-0080,V-005,1,6224.4,5038.8,1185.6,2342,em-producao
P-2026-05-0255,2026-05-07,2026-06-05,2026-06-03,C-0088,V-004,2,10584,9009,1575,1891,entregue
P-2026-05-0256,2026-05-07,2026-06-06,2026-06-05,C-0099,V-002,2,22125.4,17637.7,4487.7,2665,entregue
P-2026-05-0257,2026-05-08,2026-05-26,2026-05-26,C-0046,V-006,3,11841.5,9487.7,2353.8,3295,entregue
P-2026-05-0258,2026-05-08,2026-06-07,2026-06-08,C-0051,V-002,3,20818,18587.5,2230.5,478,entregue
P-2026-05-0259,2026-05-08,2026-05-29,2026-06-07,C-0059,V-004,3,31321.6,24777.35,6544.25,2271,atrasado
P-2026-05-0260,2026-05-08,2026-06-10,2026-06-17,C-0065,V-003,3,9238.2,7914.9,1323.3,1649,entregue
P-2026-05-0261,2026-05-09,2026-05-25,2026-05-22,C-0009,V-005,3,30144.8,26077.8,4067,1912,entregue
P-2026-05-0262,2026-05-09,2026-05-29,2026-05-29,C-0012,V-002,3,53060.3,43987,9073.3,4243,entregue
P-2026-05-0263,2026-05-09,2026-05-29,2026-05-28,C-0040,V-004,3,9665.6,8093.1,1572.5,462,entregue
P-2026-05-0264,2026-05-09,2026-06-04,,C-0041,V-002,2,5742.8,4888.1,854.7,1429,perdido
P-2026-05-0265,2026-05-09,2026-06-04,2026-06-01,C-0057,V-005,3,8486.4,6777.6,1708.8,3357,entregue
P-2026-05-0266,2026-05-09,2026-06-09,2026-06-10,C-0063,V-002,2,24100.8,19210,4890.8,1972,entregue
P-2026-05-0267,2026-05-09,2026-06-12,2026-06-12,C-0065,V-003,2,13152.4,11031.2,2121.2,1346,entregue
P-2026-05-0268,2026-05-09,2026-06-04,2026-06-01,C-0083,V-006,1,9145.5,7175.7,1969.8,485,entregue
P-2026-05-0269,2026-05-09,2026-06-05,2026-06-05,C-0098,V-003,2,13907.4,11664.5,2242.9,1675,entregue
P-2026-05-0270,2026-05-10,2026-06-12,2026-06-14,C-0015,V-002,3,24028.2,18879.3,5148.9,214,entregue
P-2026-05-0271,2026-05-10,2026-05-27,2026-05-29,C-0029,V-001,1,24378,20434.5,3943.5,2540,entregue
P-2026-05-0272,2026-05-10,2026-05-29,2026-05-26,C-0044,V-006,1,9633,7558.2,2074.8,2276,entregue
P-2026-05-0273,2026-05-10,2026-06-09,2026-06-09,C-0072,V-005,3,36988,28181.4,8806.6,1016,entregue
P-2026-05-0274,2026-05-11,2026-06-10,,C-0005,V-COR,2,67228,60025,7203,8865,cancelado
P-2026-05-0275,2026-05-11,2026-06-05,2026-06-02,C-0017,V-005,2,15478.4,13820,1658.4,1783,entregue
P-2026-05-0276,2026-05-11,2026-06-02,2026-06-02,C-0031,V-003,1,10342.8,7757.1,2585.7,5128,entregue
P-2026-05-0277,2026-05-11,2026-06-07,2026-06-04,C-0042,V-005,2,18120.4,14443.2,3677.2,2551,entregue
P-2026-05-0278,2026-05-11,2026-06-06,2026-06-06,C-0052,V-005,3,8910.3,6873.6,2036.7,1512,entregue
P-2026-05-0279,2026-05-11,2026-06-02,,C-0065,V-003,3,18641.2,15298.7,3342.5,1558,cancelado
P-2026-05-0280,2026-05-11,2026-05-26,2026-05-27,C-0069,V-001,2,68319.6,57267.9,11051.7,1062,entregue
P-2026-05-0281,2026-05-11,2026-05-30,2026-05-30,C-0070,V-004,3,15676.8,12865.8,2811,2006,entregue
P-2026-05-0282,2026-05-11,2026-06-05,2026-06-07,C-0097,V-004,1,33234.5,26076.3,7158.2,779,entregue
P-2026-05-0283,2026-05-12,2026-06-13,2026-06-10,C-0039,V-006,3,9612.3,7968.5,1643.8,5648,entregue
P-2026-05-0284,2026-05-12,2026-06-02,2026-06-02,C-0055,V-005,3,48805.4,40864.8,7940.6,3886,entregue
P-2026-05-0285,2026-05-13,2026-06-02,2026-05-31,C-0004,V-COR,1,260416.8,210813.6,49603.2,1782,entregue
P-2026-05-0286,2026-05-13,2026-06-02,2026-05-31,C-0030,V-002,3,18894.2,15506.3,3387.9,3383,entregue
P-2026-05-0287,2026-05-13,2026-06-06,,C-0095,V-004,2,6377,5428.1,948.9,2040,cancelado
P-2026-05-0288,2026-05-13,2026-06-15,2026-06-15,C-0100,V-002,3,4914,4210.2,703.8,2930,entregue
P-2026-05-0289,2026-05-14,2026-06-11,2026-06-09,C-0007,V-001,2,83864.2,64395.6,19468.6,8991,entregue
P-2026-05-0290,2026-05-14,2026-06-09,2026-06-10,C-0021,V-006,2,7102.2,5661,1441.2,650,entregue
P-2026-05-0291,2026-05-14,2026-06-11,,C-0024,V-001,1,6048,4492.8,1555.2,4177,cancelado
P-2026-05-0292,2026-05-14,2026-06-14,2026-06-15,C-0030,V-002,2,20035.4,17054,2981.4,1919,entregue
P-2026-05-0293,2026-05-14,2026-05-31,2026-06-02,C-0031,V-003,2,8692.4,7028.1,1664.3,5914,entregue
P-2026-05-0294,2026-05-14,2026-06-10,,C-0033,V-006,2,10073.3,8029.1,2044.2,4959,perdido
P-2026-05-0295,2026-05-14,2026-06-15,2026-06-17,C-0047,V-002,1,14616.6,12252.15,2364.45,589,entregue
P-2026-05-0296,2026-05-14,2026-06-05,2026-06-05,C-0052,V-005,3,4819.2,3775.6,1043.6,1113,entregue
P-2026-05-0297,2026-05-14,2026-06-03,2026-05-31,C-0063,V-002,2,30059.4,24333.8,5725.6,1757,entregue
P-2026-05-0298,2026-05-14,2026-06-02,2026-05-30,C-0090,V-003,3,4648,4150,498,1739,entregue
P-2026-05-0299,2026-05-14,2026-06-03,2026-06-04,C-0092,V-002,2,5853.4,4982.3,871.1,610,entregue
P-2026-05-0300,2026-05-14,2026-06-18,2026-06-17,C-0099,V-002,3,45063.2,35097.3,9965.9,2237,entregue
P-2026-05-0301,2026-05-15,2026-06-16,2026-06-17,C-0004,V-COR,2,68689.4,54750.2,13939.2,2306,entregue
P-2026-05-0302,2026-05-15,2026-05-30,2026-05-29,C-0005,V-COR,1,59060.4,52732.5,6327.9,8911,entregue
P-2026-05-0303,2026-05-15,2026-06-19,2026-06-21,C-0010,V-002,3,64775.2,57835,6940.2,175,entregue
P-2026-05-0304,2026-05-15,2026-06-03,2026-06-05,C-0037,V-002,2,28072.8,25065,3007.8,3382,entregue
P-2026-05-0305,2026-05-15,2026-06-12,2026-06-13,C-0039,V-006,1,5429.2,4847.5,581.7,5668,entregue
P-2026-05-0306,2026-05-15,2026-06-12,,C-0065,V-003,3,17926.7,15359.4,2567.3,1608,em-producao
P-2026-05-0307,2026-05-15,2026-06-02,2026-05-30,C-0065,V-003,3,10752.3,8913.7,1838.6,1771,entregue
P-2026-05-0308,2026-05-15,2026-06-07,2026-06-10,C-0076,V-004,3,22127.2,18547.8,3579.4,3825,entregue
P-2026-05-0309,2026-05-15,2026-06-09,2026-06-14,C-0082,V-004,3,5163.6,4084.65,1078.95,2149,entregue
P-2026-05-0310,2026-05-15,2026-06-12,2026-06-14,C-0089,V-002,2,3739.2,2827.2,912,111,entregue
P-2026-05-0311,2026-05-16,2026-06-11,2026-06-10,C-0003,V-003,2,114785,88138.5,26646.5,6078,entregue
P-2026-05-0312,2026-05-16,2026-06-09,2026-06-08,C-0018,V-002,2,11478.6,9292.2,2186.4,641,entregue
P-2026-05-0313,2026-05-16,2026-06-18,,C-0035,V-001,3,11993.4,9396.6,2596.8,6087,cancelado
P-2026-05-0314,2026-05-16,2026-06-09,,C-0061,V-002,3,8854.6,7021,1833.6,4773,perdido
P-2026-05-0315,2026-05-16,2026-06-10,2026-06-07,C-0078,V-002,1,27749.4,22463.8,5285.6,2219,entregue
P-2026-05-0316,2026-05-16,2026-06-12,2026-06-11,C-0097,V-004,3,14015.4,11345.8,2669.6,785,entregue
P-2026-05-0317,2026-05-17,2026-06-01,2026-06-03,C-0013,V-005,1,47596.6,39897.15,7699.45,7318,entregue
P-2026-05-0318,2026-05-17,2026-06-07,2026-06-04,C-0023,V-005,1,18603.2,16610,1993.2,5320,entregue
P-2026-05-0319,2026-05-17,2026-06-17,2026-06-18,C-0028,V-006,2,51825.2,46272.5,5552.7,1477,entregue
P-2026-05-0320,2026-05-17,2026-06-12,2026-06-10,C-0029,V-001,3,6997.2,5865.3,1131.9,3387,entregue
P-2026-05-0321,2026-05-17,2026-06-07,2026-06-08,C-0032,V-005,3,5003.9,4148,855.9,3509,entregue
P-2026-05-0322,2026-05-17,2026-06-09,2026-06-06,C-0038,V-002,3,11849.5,9297.3,2552.2,2039,entregue
P-2026-05-0323,2026-05-17,2026-06-04,2026-06-06,C-0038,V-002,1,10264.8,9165,1099.8,2447,entregue
P-2026-05-0324,2026-05-17,2026-06-10,2026-06-09,C-0040,V-004,2,9047.4,7211.4,1836,381,entregue
P-2026-05-0325,2026-05-17,2026-06-16,2026-06-17,C-0049,V-002,3,9541,8253.8,1287.2,223,entregue
P-2026-05-0326,2026-05-17,2026-06-07,2026-06-08,C-0051,V-002,3,20895.7,17322.7,3573,708,entregue
P-2026-05-0327,2026-05-17,2026-06-09,2026-06-06,C-0074,V-006,1,6861.2,5145.9,1715.3,1753,entregue
P-2026-05-0328,2026-05-17,2026-06-02,2026-06-02,C-0094,V-003,3,19759.6,16022.35,3737.25,1929,entregue
P-2026-05-0329,2026-05-18,2026-06-22,2026-06-21,C-0002,V-003,3,170734.4,128050.8,42683.6,9189,entregue
P-2026-05-0330,2026-05-18,2026-06-08,2026-06-05,C-0002,V-003,1,127459.5,94684.2,32775.3,6180,entregue
P-2026-05-0331,2026-05-18,2026-06-04,2026-06-03,C-0006,V-002,3,58164.4,51932.5,6231.9,480,entregue
P-2026-05-0332,2026-05-18,2026-06-09,2026-06-08,C-0029,V-001,1,7718,5788.5,1929.5,2372,entregue
P-2026-05-0333,2026-05-18,2026-06-14,,C-0032,V-005,2,19975.2,17835,2140.2,3645,cancelado
P-2026-05-0334,2026-05-18,2026-06-14,2026-06-12,C-0034,V-004,3,6930,5802.5,1127.5,2361,entregue
P-2026-05-0335,2026-05-18,2026-06-05,2026-06-07,C-0036,V-005,2,5892.6,4770.2,1122.4,5446,entregue
P-2026-05-0336,2026-05-19,2026-06-08,2026-06-08,C-0004,V-COR,2,70697.2,63122.5,7574.7,1810,entregue
P-2026-05-0337,2026-05-19,2026-06-20,2026-06-18,C-0018,V-002,2,19041.4,16207.8,2833.6,855,entregue
P-2026-05-0338,2026-05-19,2026-06-23,2026-06-25,C-0040,V-004,2,5363.4,4565.1,798.3,419,entregue
P-2026-05-0339,2026-05-19,2026-06-16,2026-06-17,C-0054,V-002,1,18118.8,16177.5,1941.3,1251,entregue
P-2026-05-0340,2026-05-19,2026-06-15,2026-06-16,C-0056,V-006,3,1668.3,1383.2,285.1,857,entregue
P-2026-05-0341,2026-05-19,2026-06-09,2026-06-07,C-0062,V-002,2,9136.4,7776.7,1359.7,80,entregue
P-2026-05-0342,2026-05-19,2026-06-17,2026-06-19,C-0071,V-003,2,10483.2,9360,1123.2,2663,entregue
P-2026-05-0343,2026-05-19,2026-06-14,2026-06-14,C-0085,V-005,1,7148.4,5616.6,1531.8,530,entregue
P-2026-05-0344,2026-05-20,2026-06-12,2026-06-14,C-0001,V-COR,1,237431,179521,57910,10903,entregue
P-2026-05-0345,2026-05-20,2026-06-24,2026-06-21,C-0009,V-005,3,83015.8,69509.3,13506.5,1771,entregue
P-2026-05-0346,2026-05-20,2026-06-22,2026-06-23,C-0020,V-002,2,5429.2,4847.5,581.7,362,entregue
P-2026-05-0347,2026-05-20,2026-06-07,2026-06-06,C-0046,V-006,1,4221,3417,804,2589,entregue
P-2026-05-0348,2026-05-20,2026-06-09,2026-06-10,C-0086,V-006,2,23997,20127.1,3869.9,3513,entregue
P-2026-05-0349,2026-05-21,2026-06-21,2026-06-28,C-0011,V-004,1,84350.6,70705.65,13644.95,13010,entregue
P-2026-05-0350,2026-05-21,2026-06-07,2026-06-05,C-0012,V-002,3,20692.1,17728.6,2963.5,2859,entregue
P-2026-05-0351,2026-05-21,2026-06-08,2026-06-05,C-0015,V-002,2,35061.6,27548.4,7513.2,309,entregue
P-2026-05-0352,2026-05-21,2026-06-09,,C-0017,V-005,2,28568.4,25507.5,3060.9,1809,cancelado
P-2026-05-0353,2026-05-21,2026-06-05,2026-06-12,C-0024,V-001,3,10053.5,7635.9,2417.6,2995,entregue
P-2026-05-0354,2026-05-21,2026-06-21,2026-06-23,C-0027,V-003,2,9727.2,8279.7,1447.5,1857,entregue
P-2026-05-0355,2026-05-21,2026-06-21,2026-06-20,C-0054,V-002,3,7638.4,6332.1,1306.3,1290,entregue
P-2026-05-0356,2026-05-21,2026-06-10,2026-06-12,C-0060,V-006,1,32558.4,25581.6,6976.8,4604,entregue
P-2026-05-0357,2026-05-21,2026-06-08,2026-06-05,C-0071,V-003,3,33800.3,28020.5,5779.8,1936,entregue
P-2026-05-0358,2026-05-22,2026-06-22,2026-06-21,C-0002,V-003,1,182117.6,136588.2,45529.4,5959,entregue
P-2026-05-0359,2026-05-22,2026-06-22,2026-06-19,C-0009,V-005,1,41632.5,32665.5,8967,1295,entregue
P-2026-05-0360,2026-05-22,2026-06-17,2026-06-19,C-0021,V-006,2,9814,8353.7,1460.3,694,entregue
P-2026-05-0361,2026-05-22,2026-06-12,2026-06-13,C-0044,V-006,2,8422.4,7520,902.4,1651,entregue
P-2026-05-0362,2026-05-22,2026-06-13,,C-0058,V-005,2,4277,3640.6,636.4,1763,cancelado
P-2026-05-0363,2026-05-22,2026-06-09,2026-06-09,C-0058,V-005,3,12722,10193.2,2528.8,1726,entregue
P-2026-05-0364,2026-05-22,2026-06-24,2026-06-22,C-0078,V-002,3,34209,29593.5,4615.5,2355,entregue
P-2026-05-0365,2026-05-22,2026-06-15,2026-06-12,C-0078,V-002,2,7575.1,6353.3,1221.8,2254,entregue
P-2026-05-0366,2026-05-22,2026-06-24,2026-06-21,C-0080,V-005,3,12231.9,9800.5,2431.4,3473,entregue
P-2026-05-0367,2026-05-23,2026-06-23,2026-06-22,C-0003,V-003,2,274604.4,230183.1,44421.3,8333,entregue
P-2026-05-0368,2026-05-23,2026-06-11,,C-0008,V-004,3,106385.8,84157.45,22228.35,11289,cancelado
P-2026-05-0369,2026-05-23,2026-06-27,2026-06-24,C-0008,V-004,1,145254.8,108941.1,36313.7,11919,entregue
P-2026-05-0370,2026-05-23,2026-06-24,,C-0016,V-002,2,44087.4,35689.8,8397.6,133,cancelado
P-2026-05-0371,2026-05-23,2026-06-09,2026-06-06,C-0084,V-004,1,89464.2,72423.4,17040.8,790,entregue
P-2026-05-0372,2026-05-24,2026-06-20,2026-06-21,C-0005,V-COR,3,216419.7,171603.1,44816.6,9428,entregue
P-2026-05-0373,2026-05-24,2026-06-25,2026-06-27,C-0026,V-006,3,9262.4,7755.5,1506.9,2087,entregue
P-2026-05-0374,2026-05-24,2026-06-08,2026-06-08,C-0042,V-005,3,14353,11898.7,2454.3,2188,entregue
P-2026-05-0375,2026-05-24,2026-06-24,2026-06-25,C-0082,V-004,2,12797.2,9821.55,2975.65,1894,entregue
P-2026-05-0376,2026-05-24,2026-06-17,2026-06-18,C-0083,V-006,3,25307,21682.3,3624.7,345,entregue
P-2026-05-0377,2026-05-24,2026-06-10,2026-06-10,C-0091,V-005,2,4262.8,3575.3,687.5,3239,entregue
P-2026-05-0378,2026-05-25,2026-06-12,2026-06-14,C-0014,V-003,2,45561.6,40680,4881.6,1739,entregue
P-2026-05-0379,2026-05-25,2026-06-27,2026-06-25,C-0050,V-004,2,12230.4,10920,1310.4,1807,entregue
P-2026-05-0380,2026-05-25,2026-06-23,2026-06-25,C-0057,V-005,2,13858.2,11047.3,2810.9,4729,entregue
P-2026-05-0381,2026-05-25,2026-06-17,2026-06-17,C-0068,V-005,2,27852,22519.5,5332.5,6013,entregue
P-2026-05-0382,2026-05-25,2026-06-25,2026-06-23,C-0079,V-003,2,14139.2,11858.8,2280.4,1970,entregue
P-2026-05-0383,2026-05-25,2026-06-26,2026-07-04,C-0095,V-004,3,8955.9,7673.4,1282.5,2120,entregue
P-2026-05-0384,2026-05-26,2026-06-17,2026-06-18,C-0003,V-003,3,100157.2,78007.05,22150.15,8229,entregue
P-2026-05-0385,2026-05-26,2026-06-24,,C-0005,V-COR,2,87658.2,70961.4,16696.8,7994,cancelado
P-2026-05-0386,2026-05-26,2026-06-22,2026-06-22,C-0012,V-002,2,12129.3,10173.3,1956,4166,entregue
P-2026-05-0387,2026-05-26,2026-06-28,2026-06-25,C-0023,V-005,3,13792.8,12315,1477.8,6193,entregue
P-2026-05-0388,2026-05-26,2026-06-12,2026-06-10,C-0068,V-005,2,27431.2,22993.8,4437.4,5208,entregue
P-2026-05-0389,2026-05-26,2026-06-20,,C-0085,V-005,2,14521.6,11741.4,2780.2,766,em-producao
P-2026-05-0390,2026-05-26,2026-06-26,2026-06-24,C-0098,V-003,1,4729.2,3828.4,900.8,1765,entregue
P-2026-05-0391,2026-05-27,2026-06-19,2026-06-19,C-0010,V-002,1,129648.4,115757.5,13890.9,157,entregue
P-2026-05-0392,2026-05-27,2026-06-12,2026-06-13,C-0024,V-001,1,14103.2,10577.4,3525.8,3548,entregue
P-2026-05-0393,2026-05-27,2026-06-27,2026-06-24,C-0024,V-001,3,11381.2,9089.55,2291.65,3608,entregue
P-2026-05-0394,2026-05-27,2026-06-15,2026-06-16,C-0061,V-002,1,9931.6,8867.5,1064.1,3411,entregue
P-2026-05-0395,2026-05-27,2026-06-25,,C-0070,V-004,2,17343.2,15485,1858.2,2329,cancelado
P-2026-05-0396,2026-05-27,2026-06-21,2026-06-27,C-0074,V-006,1,6130.8,4774.95,1355.85,1195,entregue
P-2026-05-0397,2026-05-27,2026-06-30,2026-06-27,C-0093,V-003,3,6632.6,5498.3,1134.3,722,entregue
P-2026-05-0398,2026-05-27,2026-06-23,2026-06-21,C-0096,V-006,1,26045.6,23255,2790.6,2615,entregue
P-2026-05-0399,2026-05-28,2026-06-13,2026-06-15,C-0001,V-COR,2,181990.6,135843,46147.6,9436,entregue
P-2026-05-0400,2026-05-28,2026-07-01,2026-06-30,C-0027,V-003,1,2678,2101.2,576.8,2534,entregue
P-2026-05-0401,2026-05-28,2026-06-13,2026-06-12,C-0049,V-002,3,14935.8,12796.6,2139.2,348,entregue
P-2026-05-0402,2026-05-28,2026-06-22,2026-06-22,C-0067,V-004,1,23814,21262.5,2551.5,5576,entregue
P-2026-05-0403,2026-05-28,2026-06-28,2026-06-26,C-0072,V-005,3,24987.9,19276.5,5711.4,1051,entregue
P-2026-05-0404,2026-05-28,2026-06-28,2026-06-28,C-0076,V-004,1,6994,5447.25,1546.75,2916,entregue
P-2026-05-0405,2026-05-29,2026-06-16,2026-06-16,C-0051,V-002,2,15691.2,14010,1681.2,583,entregue
P-2026-05-0406,2026-05-29,2026-06-23,,C-0075,V-002,2,17721.2,14328.3,3392.9,4890,em-producao
P-2026-05-0407,2026-05-30,2026-07-03,2026-07-03,C-0029,V-001,3,4494.2,3555,939.2,2407,entregue
P-2026-05-0408,2026-05-30,2026-06-28,2026-06-26,C-0064,V-003,3,7695.8,6657.4,1038.4,3312,entregue
P-2026-05-0409,2026-05-30,2026-06-15,2026-06-15,C-0073,V-003,3,6041.8,5064.45,977.35,4083,entregue
P-2026-05-0410,2026-05-30,2026-07-04,2026-07-03,C-0077,V-006,2,6465.2,5772.5,692.7,733,entregue
P-2026-05-0411,2026-05-30,2026-06-19,2026-07-03,C-0092,V-002,3,10253.6,9155,1098.6,427,atrasado
P-2026-05-0412,2026-05-31,2026-06-17,2026-06-15,C-0007,V-001,1,124918.8,94450.8,30468,9028,entregue
P-2026-05-0413,2026-05-31,2026-06-21,2026-06-20,C-0035,V-001,3,40455.8,33110.7,7345.1,4902,entregue
P-2026-05-0414,2026-05-31,2026-06-17,2026-06-16,C-0041,V-002,1,8848,7900,948,1680,entregue
P-2026-05-0415,2026-05-31,2026-07-05,2026-07-08,C-0043,V-006,3,3495.8,3024.3,471.5,5118,atrasado
P-2026-05-0416,2026-05-31,2026-06-16,2026-06-13,C-0045,V-006,1,10203.2,9110,1093.2,97,entregue
P-2026-05-0417,2026-05-31,2026-06-29,2026-07-03,C-0048,V-006,2,5357.6,4493.7,863.9,990,atrasado
P-2026-05-0418,2026-05-31,2026-07-03,2026-07-05,C-0051,V-002,1,6168.5,4839.9,1328.6,431,entregue
P-2026-05-0419,2026-05-31,2026-06-28,2026-06-25,C-0053,V-002,3,5107.8,4376.2,731.6,1977,entregue
P-2026-05-0420,2026-05-31,2026-06-23,2026-06-24,C-0066,V-003,2,24836.5,19487.1,5349.4,3227,entregue
P-2026-05-0421,2026-05-31,2026-06-20,2026-06-25,C-0070,V-004,2,7483,6369.4,1113.6,1876,entregue
P-2026-05-0422,2026-05-31,2026-06-23,,C-0086,V-006,1,8185.8,6626.6,1559.2,3530,em-producao
P-2026-05-0423,2026-05-31,2026-06-21,2026-06-20,C-0089,V-002,1,7473.2,5604.9,1868.3,110,entregue
P-2026-05-0424,2026-05-31,2026-06-15,2026-06-15,C-0093,V-003,3,6045.2,5229.5,815.7,716,entregue
P-2026-06-0425,2026-06-01,2026-06-20,,C-0013,V-005,1,89649,70438.5,19210.5,7607,cancelado
P-2026-06-0426,2026-06-01,2026-07-06,2026-07-03,C-0031,V-003,2,6816.2,5511.3,1304.9,6514,entregue
P-2026-06-0427,2026-06-01,2026-06-24,2026-06-25,C-0034,V-004,3,22521.1,19295.5,3225.6,2201,entregue
P-2026-06-0428,2026-06-01,2026-06-28,2026-06-28,C-0037,V-002,1,18404.4,16432.5,1971.9,3938,entregue
P-2026-06-0429,2026-06-01,2026-06-16,2026-06-23,C-0042,V-005,3,22582.6,19348.3,3234.3,1932,atrasado
P-2026-06-0430,2026-06-01,2026-06-28,2026-07-01,C-0043,V-006,1,5857.6,5230,627.6,7247,entregue
P-2026-06-0431,2026-06-01,2026-06-18,2026-06-15,C-0048,V-006,3,4473.3,3832.9,640.4,1137,entregue
P-2026-06-0432,2026-06-01,2026-06-30,2026-06-30,C-0052,V-005,3,6531.4,5474.85,1056.55,1609,entregue
P-2026-06-0433,2026-06-01,2026-07-04,2026-07-05,C-0058,V-005,1,2749.5,2157.3,592.2,2573,entregue
P-2026-06-0434,2026-06-01,2026-07-05,,C-0059,V-004,3,22089.9,17040.9,5049,3302,cancelado
P-2026-06-0435,2026-06-01,2026-06-17,2026-06-16,C-0073,V-003,2,11454.6,9601.65,1852.95,4044,entregue
P-2026-06-0436,2026-06-01,2026-06-26,2026-06-24,C-0075,V-002,2,6071.1,4640.1,1431,5824,entregue
P-2026-06-0437,2026-06-01,2026-06-29,2026-06-26,C-0090,V-003,1,8416.8,7515,901.8,1115,entregue
P-2026-06-0438,2026-06-01,2026-06-22,2026-06-24,C-0098,V-003,1,2214.8,1977.5,237.3,2013,entregue
P-2026-06-0439,2026-06-01,2026-07-02,2026-07-03,C-0100,V-002,2,6393.8,5442.4,951.4,2246,entregue
P-2026-06-0440,2026-06-02,2026-06-30,2026-06-28,C-0027,V-003,2,17168.5,14399.6,2768.9,2699,entregue
P-2026-06-0441,2026-06-02,2026-06-20,,C-0028,V-006,2,20528.3,17217.9,3310.4,1161,cancelado
P-2026-06-0442,2026-06-02,2026-06-18,2026-06-20,C-0068,V-005,2,12461,10445.25,2015.75,6448,entregue
P-2026-06-0443,2026-06-02,2026-07-03,2026-06-30,C-0085,V-005,3,32955.4,26319.6,6635.8,790,entregue
P-2026-06-0444,2026-06-02,2026-06-21,2026-06-21,C-0096,V-006,3,16698.5,13101.9,3596.6,2437,entregue
P-2026-06-0445,2026-06-03,2026-07-02,2026-06-29,C-0012,V-002,3,46337.2,41372.5,4964.7,3457,entregue
P-2026-06-0446,2026-06-03,2026-07-03,2026-07-03,C-0029,V-001,1,14045.2,10939.05,3106.15,2030,entregue
P-2026-06-0447,2026-06-03,2026-07-06,,C-0059,V-004,3,43536.4,35301.6,8234.8,2440,cancelado
P-2026-06-0448,2026-06-03,2026-07-06,2026-07-03,C-0067,V-004,3,2661.5,2206.1,455.4,5457,entregue
P-2026-06-0449,2026-06-03,2026-07-08,2026-07-09,C-0075,V-002,1,9591.4,8039.85,1551.55,4598,entregue
P-2026-06-0450,2026-06-03,2026-06-26,2026-06-28,C-0078,V-002,3,10761.6,8622.4,2139.2,2261,entregue
P-2026-06-0451,2026-06-03,2026-07-03,2026-06-30,C-0080,V-005,3,9750.8,7731.6,2019.2,2884,entregue
P-2026-06-0452,2026-06-03,2026-06-27,2026-06-26,C-0081,V-005,3,24649.8,20639.2,4010.6,85,entregue
P-2026-06-0453,2026-06-04,2026-07-07,2026-07-06,C-0001,V-COR,1,340860,265477.5,75382.5,8906,entregue
P-2026-06-0454,2026-06-04,2026-06-26,,C-0004,V-COR,3,149546.7,123974,25572.7,1621,cancelado
P-2026-06-0455,2026-06-04,2026-06-22,2026-06-24,C-0006,V-002,3,35855.7,28728.3,7127.4,381,entregue
P-2026-06-0456,2026-06-04,2026-06-29,2026-06-28,C-0010,V-002,1,64005.5,50219.7,13785.8,208,entregue
P-2026-06-0457,2026-06-04,2026-07-06,2026-07-03,C-0013,V-005,1,30374.4,23865.6,6508.8,6805,entregue
P-2026-06-0458,2026-06-04,2026-06-19,,C-0045,V-006,2,3420.3,2868.8,551.5,71,cancelado
P-2026-06-0459,2026-06-04,2026-07-03,2026-06-30,C-0050,V-004,2,25383.2,21290.2,4093,1921,entregue
P-2026-06-0460,2026-06-04,2026-06-23,2026-06-23,C-0056,V-006,2,9348.1,7451.1,1897,804,entregue
P-2026-06-0461,2026-06-04,2026-06-22,2026-06-20,C-0061,V-002,1,35506.8,28743.6,6763.2,4723,entregue
P-2026-06-0462,2026-06-04,2026-07-07,2026-07-05,C-0071,V-003,2,35520.8,31715,3805.8,1533,entregue
P-2026-06-0463,2026-06-04,2026-06-26,2026-06-24,C-0085,V-005,1,4570.8,3559.95,1010.85,630,entregue
P-2026-06-0464,2026-06-04,2026-07-04,2026-07-05,C-0086,V-006,3,14251.9,12210.6,2041.3,3541,entregue
P-2026-06-0465,2026-06-04,2026-06-20,2026-06-22,C-0095,V-004,3,5285,4572.1,712.9,1809,entregue
P-2026-06-0466,2026-06-05,2026-06-21,2026-06-22,C-0001,V-COR,1,633458.2,478956.2,154502,11817,entregue
P-2026-06-0467,2026-06-05,2026-07-01,2026-07-02,C-0003,V-003,3,221469.4,181259.1,40210.3,8324,entregue
P-2026-06-0468,2026-06-05,2026-07-10,2026-07-08,C-0005,V-COR,2,208166.1,174596.3,33569.8,12219,entregue
P-2026-06-0469,2026-06-05,2026-06-27,2026-06-24,C-0012,V-002,3,19538.4,15816.8,3721.6,4394,entregue
P-2026-06-0470,2026-06-05,2026-06-24,2026-06-26,C-0014,V-003,1,18226,14300.4,3925.6,1387,entregue
P-2026-06-0471,2026-06-05,2026-07-08,2026-07-10,C-0017,V-005,1,5359.2,4785,574.2,1293,entregue
P-2026-06-0472,2026-06-05,2026-07-08,2026-07-20,C-0031,V-003,2,20930.4,15697.8,5232.6,5999,atrasado
P-2026-06-0473,2026-06-05,2026-07-09,2026-07-09,C-0046,V-006,3,22294.7,18482.3,3812.4,3546,entregue
P-2026-06-0474,2026-06-05,2026-07-06,2026-07-05,C-0063,V-002,1,46972.8,38025.6,8947.2,1962,entregue
P-2026-06-0475,2026-06-05,2026-06-26,2026-06-23,C-0070,V-004,3,8190,6789.5,1400.5,1789,entregue
P-2026-06-0476,2026-06-05,2026-06-28,2026-06-29,C-0099,V-002,3,32936.4,26304.6,6631.8,3700,entregue
P-2026-06-0477,2026-06-06,2026-07-03,,C-0003,V-003,1,115065.6,89618.4,25447.2,7053,perdido
P-2026-06-0478,2026-06-06,2026-07-02,2026-07-03,C-0010,V-002,1,14109.2,12597.5,1511.7,197,entregue
P-2026-06-0479,2026-06-06,2026-06-24,2026-06-23,C-0017,V-005,1,27090,24187.5,2902.5,1665,entregue
P-2026-06-0480,2026-06-06,2026-06-28,2026-06-25,C-0040,V-004,3,13948.2,12066.3,1881.9,399,entregue
P-2026-06-0481,2026-06-06,2026-06-27,,C-0046,V-006,2,20789.9,17437.4,3352.5,2989,em-producao
P-2026-06-0482,2026-06-06,2026-07-03,,C-0065,V-003,1,5280.8,4715,565.8,1377,cancelado
P-2026-06-0483,2026-06-06,2026-06-24,2026-06-23,C-0065,V-003,3,19028.8,16461.5,2567.3,1248,entregue
P-2026-06-0484,2026-06-06,2026-07-10,2026-07-08,C-0070,V-004,2,4854.9,4072.3,782.6,2026,entregue
P-2026-06-0485,2026-06-06,2026-06-23,2026-06-23,C-0080,V-005,2,4543,3866.9,676.1,2685,entregue
P-2026-06-0486,2026-06-06,2026-07-02,2026-06-30,C-0087,V-002,2,29325,24581.25,4743.75,264,entregue
P-2026-06-0487,2026-06-06,2026-06-21,2026-06-22,C-0093,V-003,2,1738.8,1552.5,186.3,548,entregue
P-2026-06-0488,2026-06-07,2026-06-29,2026-06-27,C-0002,V-003,1,180268.8,136300.8,43968,6978,entregue
P-2026-06-0489,2026-06-07,2026-06-27,2026-06-28,C-0004,V-COR,3,115704.1,91743.9,23960.2,1808,entregue
P-2026-06-0490,2026-06-07,2026-06-27,2026-06-29,C-0025,V-006,3,1971.1,1579.3,391.8,1187,entregue
P-2026-06-0491,2026-06-07,2026-07-03,2026-07-03,C-0028,V-006,2,4939.6,3937.2,1002.4,1260,entregue
P-2026-06-0492,2026-06-07,2026-07-03,2026-07-03,C-0040,V-004,1,10438.4,9320,1118.4,362,entregue
P-2026-06-0493,2026-06-07,2026-07-08,2026-07-06,C-0083,V-006,1,15878.8,14177.5,1701.3,456,entregue
P-2026-06-0494,2026-06-07,2026-07-09,2026-07-07,C-0084,V-004,3,40587.1,32519.3,8067.8,1199,entregue
P-2026-06-0495,2026-06-08,2026-07-09,2026-07-06,C-0003,V-003,3,141320.8,115662.45,25658.35,5215,entregue
P-2026-06-0496,2026-06-08,2026-06-27,2026-06-26,C-0007,V-001,1,129910.6,108895.65,21014.95,8423,entregue
P-2026-06-0497,2026-06-08,2026-06-23,,C-0027,V-003,1,7215,5661,1554,2238,perdido
P-2026-06-0498,2026-06-08,2026-06-28,2026-06-28,C-0034,V-004,2,15197,11923.8,3273.2,1683,entregue
P-2026-06-0499,2026-06-08,2026-07-08,2026-07-06,C-0051,V-002,3,14908.5,12235.4,2673.1,527,entregue
P-2026-06-0500,2026-06-08,2026-07-03,2026-07-04,C-0051,V-002,3,17649.8,15268.4,2381.4,580,entregue
P-2026-06-0501,2026-06-08,2026-06-25,2026-06-26,C-0057,V-005,2,11320.4,8816.85,2503.55,4547,entregue
P-2026-06-0502,2026-06-08,2026-06-24,2026-06-23,C-0086,V-006,1,6437.2,5747.5,689.7,3372,entregue
P-2026-06-0503,2026-06-09,2026-07-02,,C-0008,V-004,1,48846,38379,10467,9572,perdido
P-2026-06-0504,2026-06-09,2026-07-04,2026-07-01,C-0008,V-004,2,115170.6,93120.15,22050.45,14524,entregue
P-2026-06-0505,2026-06-09,2026-07-08,2026-07-08,C-0026,V-006,1,22512,18224,4288,2093,entregue
P-2026-06-0506,2026-06-09,2026-07-12,,C-0030,V-002,3,18102.8,15510.3,2592.5,2847,em-producao
P-2026-06-0507,2026-06-09,2026-07-07,2026-07-08,C-0032,V-005,2,5636.4,4562.8,1073.6,3911,entregue
P-2026-06-0508,2026-06-09,2026-07-02,2026-07-03,C-0034,V-004,3,6943.8,5756.5,1187.3,1906,entregue
P-2026-06-0509,2026-06-09,2026-07-12,2026-07-10,C-0049,V-002,2,22397.2,19064.4,3332.8,340,entregue
P-2026-06-0510,2026-06-09,2026-07-13,2026-07-14,C-0065,V-003,3,17040.8,15215,1825.8,1418,entregue
P-2026-06-0511,2026-06-09,2026-07-04,2026-07-15,C-0077,V-006,3,13006,11612.5,1393.5,940,atrasado
P-2026-06-0512,2026-06-09,2026-07-07,,C-0081,V-005,3,22636.6,19582.3,3054.3,58,em-producao
P-2026-06-0513,2026-06-09,2026-07-03,2026-07-04,C-0088,V-004,3,4190.5,3357.5,833,2037,entregue
P-2026-06-0514,2026-06-09,2026-07-14,2026-07-14,C-0094,V-003,2,10410.6,8417.4,1993.2,2014,entregue
P-2026-06-0515,2026-06-09,2026-07-07,2026-07-06,C-0095,V-004,1,3158.4,2820,338.4,1948,entregue
P-2026-06-0516,2026-06-10,2026-07-04,2026-07-02,C-0004,V-COR,3,167792.8,140493.1,27299.7,1419,entregue
P-2026-06-0517,2026-06-10,2026-07-04,2026-07-06,C-0006,V-002,3,79643.2,66685.3,12957.9,564,entregue
P-2026-06-0518,2026-06-10,2026-07-07,2026-07-04,C-0007,V-001,3,115507.4,94535.85,20971.55,8728,entregue
P-2026-06-0519,2026-06-10,2026-07-07,2026-07-11,C-0009,V-005,1,51416.4,41622.8,9793.6,1371,atrasado
P-2026-06-0520,2026-06-10,2026-06-30,2026-06-29,C-0021,V-006,1,4768.4,4257.5,510.9,491,entregue
P-2026-06-0521,2026-06-10,2026-07-02,2026-07-03,C-0048,V-006,2,7518,6712.5,805.5,1472,entregue
P-2026-06-0522,2026-06-10,2026-07-12,2026-07-12,C-0053,V-002,2,3299.8,2808.7,491.1,1692,entregue
P-2026-06-0523,2026-06-10,2026-07-07,2026-07-07,C-0058,V-005,2,6908.1,5506.3,1401.8,2597,entregue
P-2026-06-0524,2026-06-10,2026-07-15,2026-07-13,C-0062,V-002,1,8551.2,7635,916.2,77,entregue
P-2026-06-0525,2026-06-10,2026-07-03,2026-06-30,C-0065,V-003,2,18867.5,15825.1,3042.4,1888,entregue
P-2026-06-0526,2026-06-10,2026-07-10,2026-07-07,C-0065,V-003,3,9924.9,8503.4,1421.5,1852,entregue
P-2026-06-0527,2026-06-10,2026-07-10,2026-07-08,C-0067,V-004,1,3670.8,2971.6,699.2,7550,entregue
P-2026-06-0528,2026-06-10,2026-07-14,2026-07-14,C-0075,V-002,3,10584.4,8582.6,2001.8,4424,entregue
P-2026-06-0529,2026-06-10,2026-07-08,2026-07-10,C-0097,V-004,1,13176.8,11765,1411.8,801,entregue
P-2026-06-0530,2026-06-11,2026-07-13,2026-07-11,C-0006,V-002,3,108645.6,87951.2,20694.4,600,entregue
P-2026-06-0531,2026-06-11,2026-06-26,2026-06-27,C-0009,V-005,1,135388.5,106227.9,29160.6,1381,entregue
P-2026-06-0532,2026-06-11,2026-07-16,2026-07-19,C-0017,V-005,2,14992.6,12761.5,2231.1,1227,atrasado
P-2026-06-0533,2026-06-11,2026-07-10,2026-07-07,C-0022,V-002,1,7379.4,5798.1,1581.3,1358,entregue
P-2026-06-0534,2026-06-11,2026-07-12,2026-07-11,C-0041,V-002,3,15571.7,12779.7,2792,1216,entregue
P-2026-06-0535,2026-06-11,2026-06-30,,C-0048,V-006,1,10987.2,9810,1177.2,1343,cancelado
P-2026-06-0536,2026-06-11,2026-07-16,2026-07-14,C-0060,V-006,2,100993.6,84656.4,16337.2,3226,entregue
P-2026-06-0537,2026-06-11,2026-07-14,2026-07-14,C-0066,V-003,1,3250.8,2631.6,619.2,4507,entregue
P-2026-06-0538,2026-06-11,2026-07-01,,C-0074,V-006,1,5800.4,4862.1,938.3,1442,cancelado
P-2026-06-0539,2026-06-12,2026-07-10,,C-0047,V-002,2,13771.8,10525.5,3246.3,667,perdido
P-2026-06-0540,2026-06-12,2026-07-01,2026-07-02,C-0053,V-002,1,3040.8,2461.6,579.2,1702,entregue
P-2026-06-0541,2026-06-12,2026-06-27,2026-06-28,C-0067,V-004,2,11154.6,8891,2263.6,6332,entregue
P-2026-06-0542,2026-06-12,2026-07-15,2026-07-17,C-0077,V-006,1,1664,1305.6,358.4,994,entregue
P-2026-06-0543,2026-06-12,2026-07-12,2026-07-13,C-0085,V-005,3,4628.2,3787.8,840.4,850,entregue
P-2026-06-0544,2026-06-12,2026-07-10,2026-07-07,C-0088,V-004,3,2966.6,2483.9,482.7,1334,entregue
P-2026-06-0545,2026-06-12,2026-07-04,2026-07-04,C-0092,V-002,2,4034.8,3602.5,432.3,476,entregue
P-2026-06-0546,2026-06-13,2026-07-06,2026-07-20,C-0008,V-004,3,105265.6,86153.4,19112.2,12336,atrasado
P-2026-06-0547,2026-06-13,2026-07-14,2026-07-14,C-0025,V-006,2,2024.8,1698.1,326.7,1366,entregue
P-2026-06-0548,2026-06-13,2026-07-07,2026-07-05,C-0027,V-003,2,7862.4,7020,842.4,2589,entregue
P-2026-06-0549,2026-06-13,2026-07-08,2026-07-05,C-0055,V-005,1,9429,7633,1796,5056,entregue
P-2026-06-0550,2026-06-13,2026-07-06,2026-07-04,C-0056,V-006,2,15173.2,13547.5,1625.7,709,entregue
P-2026-06-0551,2026-06-13,2026-06-28,2026-06-29,C-0061,V-002,3,14950.6,12518.2,2432.4,3464,entregue
P-2026-06-0552,2026-06-13,2026-07-17,2026-07-17,C-0070,V-004,1,11537.4,9339.8,2197.6,1819,entregue
P-2026-06-0553,2026-06-13,2026-07-13,2026-07-14,C-0093,V-003,1,18324.6,14834.2,3490.4,528,entregue
P-2026-06-0554,2026-06-14,2026-07-06,2026-07-03,C-0010,V-002,2,51111.2,45635,5476.2,175,entregue
P-2026-06-0555,2026-06-14,2026-07-04,2026-07-03,C-0015,V-002,3,33632.4,27271.15,6361.25,326,entregue
P-2026-06-0556,2026-06-14,2026-07-14,2026-07-14,C-0018,V-002,3,19336.4,16566.7,2769.7,583,entregue
P-2026-06-0557,2026-06-14,2026-07-01,,C-0037,V-002,3,11846.8,10248.5,1598.3,2793,em-producao
P-2026-06-0558,2026-06-14,2026-07-16,2026-07-14,C-0038,V-002,1,10189.2,8248.4,1940.8,2472,entregue
P-2026-06-0559,2026-06-14,2026-07-01,2026-07-11,C-0049,V-002,2,36086.4,30716.4,5370,228,atrasado
P-2026-06-0560,2026-06-14,2026-07-06,2026-07-03,C-0063,V-002,2,15489.6,13184.6,2305,2012,entregue
P-2026-06-0561,2026-06-14,2026-07-07,2026-07-04,C-0079,V-003,2,28089.6,22739.2,5350.4,2957,entregue
P-2026-06-0562,2026-06-15,2026-07-20,2026-07-19,C-0001,V-COR,1,232835.2,181342.8,51492.4,11340,entregue
P-2026-06-0563,2026-06-15,2026-07-03,2026-07-02,C-0009,V-005,2,85317.5,71558.8,13758.7,2290,entregue
P-2026-06-0564,2026-06-15,2026-07-18,2026-07-18,C-0022,V-002,1,8044.4,6743.1,1301.3,1457,entregue
P-2026-06-0565,2026-06-15,2026-07-08,,C-0026,V-006,1,4095,3213,882,2364,cancelado
P-2026-06-0566,2026-06-15,2026-07-01,,C-0036,V-005,1,11764.2,9523.4,2240.8,7169,perdido
P-2026-06-0567,2026-06-15,2026-07-04,,C-0045,V-006,1,971.6,867.5,104.1,75,em-producao
P-2026-06-0568,2026-06-15,2026-07-17,2026-07-14,C-0064,V-003,2,11444.6,9122.2,2322.4,1882,entregue
P-2026-06-0569,2026-06-15,2026-07-15,,C-0084,V-004,3,25426.8,20583.6,4843.2,853,em-producao
P-2026-06-0570,2026-06-16,2026-07-11,2026-07-10,C-0009,V-005,3,78121.8,66933.1,11188.7,1408,entregue
P-2026-06-0571,2026-06-16,2026-07-17,,C-0024,V-001,3,10728.8,8699.6,2029.2,2704,em-producao
P-2026-06-0572,2026-06-16,2026-07-16,2026-07-18,C-0054,V-002,1,18788,16775,2013,2174,entregue
P-2026-06-0573,2026-06-16,2026-07-17,2026-07-15,C-0068,V-005,3,8729.7,6734.4,1995.3,5532,entregue
P-2026-06-0574,2026-06-16,2026-07-04,2026-07-01,C-0077,V-006,2,4442.2,3781.1,661.1,875,entregue
P-2026-06-0575,2026-06-16,2026-07-17,2026-07-17,C-0089,V-002,3,17425,14606.25,2818.75,155,entregue
P-2026-06-0576,2026-06-16,2026-07-19,2026-07-21,C-0089,V-002,1,21932.4,17232.6,4699.8,117,entregue
P-2026-06-0577,2026-06-16,2026-07-11,,C-0091,V-005,1,15906.8,14202.5,1704.3,1893,cancelado
P-2026-06-0578,2026-06-16,2026-07-03,2026-07-02,C-0099,V-002,1,22459.8,16981.8,5478,2195,entregue
P-2026-06-0579,2026-06-17,2026-07-21,,C-0004,V-COR,1,145912,114484.8,31427.2,1320,em-producao
P-2026-06-0580,2026-06-17,2026-07-13,2026-07-12,C-0007,V-001,2,115262.4,88505.1,26757.3,6783,entregue
P-2026-06-0581,2026-06-17,2026-07-18,2026-07-20,C-0017,V-005,1,3738,3337.5,400.5,1676,entregue
P-2026-06-0582,2026-06-17,2026-07-17,2026-07-17,C-0019,V-007,1,3158.4,2820,338.4,0,entregue
P-2026-06-0583,2026-06-17,2026-07-02,2026-06-29,C-0021,V-006,1,7377.5,5788.5,1589,651,entregue
P-2026-06-0584,2026-06-17,2026-07-18,2026-07-16,C-0030,V-002,2,4748.8,4240,508.8,2240,entregue
P-2026-06-0585,2026-06-17,2026-07-20,2026-07-20,C-0051,V-002,2,25194.2,21131.3,4062.9,697,entregue
P-2026-06-0586,2026-06-17,2026-07-12,,C-0076,V-004,1,17950.8,14104.2,3846.6,3322,perdido
P-2026-06-0587,2026-06-17,2026-07-09,2026-07-06,C-0081,V-005,1,10369.8,8394.6,1975.2,56,entregue
P-2026-06-0588,2026-06-17,2026-07-06,2026-07-07,C-0088,V-004,1,2736.5,2147.1,589.4,2184,entregue
P-2026-06-0589,2026-06-17,2026-07-08,,C-0093,V-003,1,2236,1754.4,481.6,901,em-producao
P-2026-06-0590,2026-06-17,2026-07-21,2026-07-23,C-0096,V-006,1,50360.8,44965,5395.8,1576,entregue
P-2026-06-0591,2026-06-17,2026-07-14,2026-07-12,C-0097,V-004,3,19210.8,17152.5,2058.3,926,entregue
P-2026-06-0592,2026-06-17,2026-07-10,2026-07-08,C-0098,V-003,1,4953,3886.2,1066.8,1463,entregue
P-2026-06-0593,2026-06-18,2026-07-07,,C-0006,V-002,2,63617.6,50707.6,12910,498,cancelado
P-2026-06-0594,2026-06-18,2026-07-15,2026-07-14,C-0011,V-004,3,77130.4,63126.6,14003.8,8815,entregue
P-2026-06-0595,2026-06-18,2026-07-15,2026-07-13,C-0029,V-001,1,4565.4,3587.1,978.3,3038,entregue
P-2026-06-0596,2026-06-18,2026-07-10,2026-07-11,C-0037,V-002,1,17165.4,13895.8,3269.6,3339,entregue
P-2026-06-0597,2026-06-18,2026-07-04,2026-07-06,C-0062,V-002,2,18566.8,15572.8,2994,77,entregue
P-2026-06-0598,2026-06-18,2026-07-21,2026-08-01,C-0069,V-001,3,18487,15130.5,3356.5,880,atrasado
P-2026-06-0599,2026-06-18,2026-07-21,2026-07-21,C-0076,V-004,2,67321.8,51453,15868.8,3963,entregue
P-2026-06-0600,2026-06-18,2026-07-11,,C-0092,V-002,1,7270.2,5885.4,1384.8,463,cancelado
P-2026-06-0601,2026-06-19,2026-07-10,2026-07-09,C-0006,V-002,2,66484.6,56591,9893.6,535,entregue
P-2026-06-0602,2026-06-19,2026-07-21,2026-07-23,C-0023,V-005,2,25690.4,21547.6,4142.8,6087,entregue
P-2026-06-0603,2026-06-19,2026-07-21,2026-07-19,C-0035,V-001,1,25279.8,19862.7,5417.1,5946,entregue
P-2026-06-0604,2026-06-19,2026-07-07,2026-07-06,C-0057,V-005,3,4184.6,3342.15,842.45,4904,entregue
P-2026-06-0605,2026-06-20,2026-07-23,2026-07-24,C-0009,V-005,3,23395.4,20238.8,3156.6,1728,entregue
P-2026-06-0606,2026-06-20,2026-07-17,,C-0020,V-002,2,6826.4,6095,731.4,550,perdido
P-2026-06-0607,2026-06-20,2026-07-07,,C-0029,V-001,1,4953.8,4152.45,801.35,3142,em-producao
P-2026-06-0608,2026-06-20,2026-07-05,2026-07-06,C-0038,V-002,1,3637.2,2944.4,692.8,2061,entregue
P-2026-06-0609,2026-06-20,2026-07-24,,C-0039,V-006,2,18067.8,15154,2913.8,5158,em-producao
P-2026-06-0610,2026-06-20,2026-07-08,2026-07-05,C-0087,V-002,2,24901.6,20873.4,4028.2,374,entregue
P-2026-06-0611,2026-06-20,2026-07-10,2026-07-07,C-0091,V-005,1,14690,11526,3164,2636,entregue
P-2026-06-0612,2026-06-21,2026-07-21,2026-07-20,C-0024,V-001,1,11723.2,9826.8,1896.4,3102,entregue
P-2026-06-0613,2026-06-21,2026-07-20,2026-07-21,C-0078,V-002,1,12600,10200,2400,1793,entregue
P-2026-06-0614,2026-06-21,2026-07-06,2026-07-07,C-0082,V-004,3,20636.6,15968.7,4667.9,2563,entregue
P-2026-06-0615,2026-06-21,2026-07-06,,C-0086,V-006,3,15369.2,13295.5,2073.7,2866,em-producao
P-2026-06-0616,2026-06-22,2026-07-17,2026-07-19,C-0004,V-COR,3,173111.3,137263.1,35848.2,1708,entregue
P-2026-06-0617,2026-06-22,2026-07-25,2026-07-25,C-0011,V-004,2,71616,57904.5,13711.5,14425,entregue
P-2026-06-0618,2026-06-22,2026-07-08,2026-07-06,C-0021,V-006,1,6519.5,5115.3,1404.2,429,entregue
P-2026-06-0619,2026-06-22,2026-07-21,2026-07-23,C-0033,V-006,2,10579.8,9005.6,1574.2,6162,entregue
P-2026-06-0620,2026-06-22,2026-07-10,,C-0035,V-001,3,13383.2,10953.3,2429.9,7192,perdido
P-2026-06-0621,2026-06-22,2026-07-16,2026-07-17,C-0050,V-004,1,12658.8,10247.6,2411.2,1823,entregue
P-2026-06-0622,2026-06-22,2026-07-19,,C-0054,V-002,3,12416.6,10396.4,2020.2,2008,em-producao
P-2026-06-0623,2026-06-22,2026-07-23,2026-07-24,C-0055,V-005,1,19870.2,16085.4,3784.8,5858,entregue
P-2026-06-0624,2026-06-22,2026-07-17,2026-07-14,C-0066,V-003,3,13739.6,12267.5,1472.1,2993,entregue
P-2026-06-0625,2026-06-22,2026-07-11,2026-07-16,C-0082,V-004,1,10153.5,7542.6,2610.9,2367,atrasado
P-2026-06-0626,2026-06-23,2026-07-17,2026-07-16,C-0002,V-003,1,172827.2,134605.8,38221.4,7378,entregue
P-2026-06-0627,2026-06-23,2026-07-14,2026-07-11,C-0065,V-003,1,15316,13675,1641,1979,entregue
P-2026-06-0628,2026-06-23,2026-07-11,2026-07-10,C-0071,V-003,2,50448.9,42313.1,8135.8,1884,entregue
P-2026-06-0629,2026-06-23,2026-07-26,2026-07-25,C-0072,V-005,2,23478,18447,5031,886,entregue
P-2026-06-0630,2026-06-23,2026-07-28,2026-08-03,C-0097,V-004,1,28635.6,25567.5,3068.1,875,atrasado
P-2026-06-0631,2026-06-23,2026-07-19,2026-07-23,C-0100,V-002,2,22246,19862.5,2383.5,3022,atrasado
P-2026-06-0632,2026-06-24,2026-07-23,2026-07-31,C-0005,V-COR,1,81445,63903,17542,11844,atrasado
P-2026-06-0633,2026-06-24,2026-07-09,2026-07-10,C-0016,V-002,3,75153.4,62926.1,12227.3,88,entregue
P-2026-06-0634,2026-06-24,2026-07-10,2026-07-10,C-0018,V-002,3,27410.6,22950.9,4459.7,812,entregue
P-2026-06-0635,2026-06-24,2026-07-23,2026-07-20,C-0024,V-001,3,13210.4,10811.85,2398.55,3245,entregue
P-2026-06-0636,2026-06-24,2026-07-10,2026-07-08,C-0030,V-002,2,9063.6,8092.5,971.1,2731,entregue
P-2026-06-0637,2026-06-24,2026-07-20,2026-07-19,C-0035,V-001,3,26775,21037.5,5737.5,5857,entregue
P-2026-06-0638,2026-06-24,2026-07-18,2026-08-01,C-0035,V-001,3,17181.6,13932.1,3249.5,7097,atrasado
P-2026-06-0639,2026-06-24,2026-07-20,2026-07-29,C-0040,V-004,2,5865.9,4920.1,945.8,519,atrasado
P-2026-06-0640,2026-06-24,2026-07-17,2026-07-27,C-0044,V-006,1,25350,19890,5460,2144,atrasado
P-2026-06-0641,2026-06-24,2026-07-25,2026-07-23,C-0046,V-006,1,27280.5,21404.7,5875.8,2692,entregue
P-2026-06-0642,2026-06-24,2026-07-19,,C-0090,V-003,2,25956,23175,2781,1165,em-producao
P-2026-06-0643,2026-06-25,2026-07-25,2026-07-26,C-0014,V-003,3,67923.8,58759.4,9164.4,2064,entregue
P-2026-06-0644,2026-06-25,2026-07-11,2026-07-13,C-0031,V-003,2,4726,3544.5,1181.5,5087,entregue
P-2026-06-0645,2026-06-25,2026-07-16,2026-07-14,C-0044,V-006,2,13389.6,11955,1434.6,2624,entregue
P-2026-06-0646,2026-06-25,2026-07-22,2026-07-23,C-0052,V-005,1,5589.6,4685.4,904.2,1840,entregue
P-2026-06-0647,2026-06-25,2026-07-27,2026-07-27,C-0074,V-006,2,7425.6,5569.2,1856.4,1185,entregue
P-2026-06-0648,2026-06-26,2026-07-24,2026-07-24,C-0003,V-003,2,273878.4,218326.6,55551.8,6160,entregue
P-2026-06-0649,2026-06-26,2026-07-24,2026-07-25,C-0012,V-002,2,16575,13005,3570,3354,entregue
P-2026-06-0650,2026-06-26,2026-07-16,2026-07-18,C-0013,V-005,2,19156.2,15051.3,4104.9,4869,entregue
P-2026-06-0651,2026-06-26,2026-07-12,2026-07-09,C-0024,V-001,2,10252.2,8055.3,2196.9,3029,entregue
P-2026-06-0652,2026-06-26,2026-07-22,2026-07-22,C-0025,V-006,3,7347.2,6151.9,1195.3,1415,entregue
P-2026-06-0653,2026-06-26,2026-07-21,2026-07-27,C-0035,V-001,3,21306.4,17276.5,4029.9,5952,entregue
P-2026-06-0654,2026-06-26,2026-07-15,2026-07-24,C-0041,V-002,2,7925.4,6746.2,1179.2,1416,atrasado
P-2026-06-0655,2026-06-26,2026-07-27,,C-0042,V-005,2,26581.3,22294.5,4286.8,1782,em-producao
P-2026-06-0656,2026-06-26,2026-07-24,2026-07-31,C-0052,V-005,1,3869.2,3243.3,625.9,1633,atrasado
P-2026-06-0657,2026-06-26,2026-07-17,2026-07-16,C-0053,V-002,1,5395,4233,1162,1145,entregue
P-2026-06-0658,2026-06-26,2026-07-24,,C-0061,V-002,2,13859,11046.6,2812.4,4685,em-producao
P-2026-06-0659,2026-06-26,2026-07-19,2026-07-17,C-0069,V-001,3,100609.4,84334.35,16275.05,657,entregue
P-2026-06-0660,2026-06-26,2026-07-23,2026-07-20,C-0072,V-005,2,33436.2,26271.3,7164.9,865,entregue
P-2026-06-0661,2026-06-26,2026-07-19,2026-07-20,C-0078,V-002,1,20328,18150,2178,1551,entregue
P-2026-06-0662,2026-06-26,2026-07-30,2026-07-29,C-0080,V-005,2,6485.9,5169.7,1316.2,2330,entregue
P-2026-06-0663,2026-06-26,2026-07-26,2026-07-24,C-0083,V-006,1,3012.8,2690,322.8,300,entregue
P-2026-06-0664,2026-06-27,2026-07-29,2026-07-26,C-0029,V-001,3,6724.5,5027.4,1697.1,2714,entregue
P-2026-06-0665,2026-06-27,2026-07-18,2026-07-23,C-0051,V-002,3,22556.5,19325.7,3230.8,498,atrasado
P-2026-06-0666,2026-06-27,2026-07-24,2026-07-23,C-0064,V-003,3,42338.8,36626.5,5712.3,3260,entregue
P-2026-06-0667,2026-06-27,2026-07-12,,C-0070,V-004,3,12766.6,11044.2,1722.4,2252,cancelado
P-2026-06-0668,2026-06-27,2026-07-26,,C-0098,V-003,2,2316.2,1942.8,373.4,1991,em-producao
P-2026-06-0669,2026-06-28,2026-07-15,,C-0005,V-COR,1,124930,98022,26908,10214,em-producao
P-2026-06-0670,2026-06-28,2026-07-13,2026-07-26,C-0010,V-002,1,43352.4,35094.8,8257.6,190,atrasado
P-2026-06-0671,2026-06-28,2026-07-15,2026-07-16,C-0063,V-002,3,16240,14500,1740,1942,entregue
P-2026-06-0672,2026-06-28,2026-07-27,2026-07-24,C-0073,V-003,2,9273.6,7286.4,1987.2,2996,entregue
P-2026-06-0673,2026-06-28,2026-07-14,2026-07-12,C-0079,V-003,3,12934.9,10723.1,2211.8,2563,entregue
P-2026-06-0674,2026-06-28,2026-07-21,2026-07-22,C-0084,V-004,1,13704.6,11094.2,2610.4,813,entregue
P-2026-06-0675,2026-06-29,2026-07-21,2026-07-22,C-0001,V-COR,3,178704.6,136155.9,42548.7,8928,entregue
P-2026-06-0676,2026-06-29,2026-08-02,2026-08-04,C-0002,V-003,2,163215.2,125263.1,37952.1,11022,entregue
P-2026-06-0677,2026-06-29,2026-07-15,,C-0010,V-002,1,26476.8,23640,2836.8,241,cancelado
P-2026-06-0678,2026-06-29,2026-07-31,2026-07-30,C-0011,V-004,1,33952.4,28460.1,5492.3,9398,entregue
P-2026-06-0679,2026-06-29,2026-07-28,2026-07-30,C-0012,V-002,3,18586.4,15562.5,3023.9,2994,entregue
P-2026-06-0680,2026-06-29,2026-07-17,2026-07-19,C-0015,V-002,2,32978.4,25911.6,7066.8,304,entregue
P-2026-06-0681,2026-06-29,2026-07-29,2026-07-31,C-0023,V-005,2,10200.4,9107.5,1092.9,6993,entregue
P-2026-06-0682,2026-06-29,2026-07-26,2026-07-28,C-0029,V-001,1,6993,5494.5,1498.5,2214,entregue
P-2026-06-0683,2026-06-29,2026-07-26,2026-07-25,C-0038,V-002,2,7635.6,6181.2,1454.4,1543,entregue
P-2026-06-0684,2026-06-29,2026-07-29,2026-07-29,C-0039,V-006,3,10140.6,8406.5,1734.1,6816,entregue
P-2026-06-0685,2026-06-29,2026-07-31,2026-07-31,C-0043,V-006,1,5967,4681.8,1285.2,6811,entregue
P-2026-06-0686,2026-06-29,2026-07-24,2026-07-22,C-0074,V-006,1,11981.6,8986.2,2995.4,1604,entregue
P-2026-06-0687,2026-06-29,2026-07-19,2026-07-21,C-0094,V-003,1,41262,32136.75,9125.25,3272,entregue
P-2026-06-0688,2026-06-29,2026-08-02,2026-08-03,C-0095,V-004,1,33390,29812.5,3577.5,1907,entregue
P-2026-06-0689,2026-06-30,2026-08-03,2026-08-05,C-0002,V-003,2,308976,249819.75,59156.25,9124,entregue
P-2026-06-0690,2026-06-30,2026-07-17,2026-07-15,C-0004,V-COR,1,110894,99012.5,11881.5,1999,entregue
P-2026-06-0691,2026-06-30,2026-07-21,2026-07-22,C-0005,V-COR,3,139597.1,111848.1,27749,10975,entregue
P-2026-06-0692,2026-06-30,2026-07-24,,C-0028,V-006,3,28659.4,24792.5,3866.9,2095,em-producao
P-2026-06-0693,2026-06-30,2026-08-04,2026-08-12,C-0032,V-005,2,7870.2,6273,1597.2,3309,entregue
P-2026-06-0694,2026-06-30,2026-08-01,2026-07-31,C-0036,V-005,2,6484.8,5249.6,1235.2,5679,entregue
P-2026-06-0695,2026-06-30,2026-08-02,2026-07-30,C-0060,V-006,3,38446.8,30208.2,8238.6,2666,entregue
P-2026-06-0696,2026-06-30,2026-07-17,2026-07-17,C-0091,V-005,3,10890.2,9330.8,1559.4,3276,entregue
